site,veg_type,exp,location,soil_moisture,pH,plot_Id,unique_plotID,unique_sampID,treatment,myc_assoc,isolate,isolate_myc,mel_status,harvest_date,mass_remaining ,mt.mo,incub_period.days,incub_period.wks,relative_period.months,incub_period.years,notes
cedar creek,Prairie,CC_praire1,initial,NA,NA,initial,initial,inititial_7,AM_grass,AM,Ceno,AM_ceno,melanized ,7/25/17,100,1,0,0,0,0,
cedar creek,Prairie,CC_praire1,initial,NA,NA,initial,initial,inititial_10,EM_forb,EM,Ceno,EM_Ceno,melanized ,7/25/17,100,1,0,0,0,0,
cedar creek,Prairie,CC_praire1,initial,NA,NA,initial,initial,inititial_13,AM_grass,AM,Mort,AM_Mort,non-melanized,7/25/17,100,1,0,0,0,0,
cedar creek,Prairie,CC_praire1,initial,NA,NA,initial,initial,inititial_14,EM_forb,EM,Mort,EM_Mort,non-melanized,7/25/17,100,1,0,0,0,0,
cedar creek,Prairie,CC_praire2,initial,NA,NA,initial,initial,inititial_11,AM_grass,AM,Mel_Black,AM_MB,melanized ,8/18/17,100,1,0,0,0,0,
cedar creek,Prairie,CC_praire2,initial,NA,NA,initial,initial,inititial_12,EM_forb,EM,Mel_Black,EM_MB,melanized ,8/18/17,100,1,0,0,0,0,
cedar creek,Oak Savanna,CC_savanna,initial,NA,NA,initial,initial,inititial_17,AM_grass,AM,Mel_Black,AM_MB,melanized ,,100,1,0,0,0,0,
cedar creek,Oak Savanna,CC_savanna,initial,NA,NA,initial,initial,inititial_18,EM_tree,EM,Mel_Black,EM_MB,melanized ,,100,1,0,0,0,0,
cedar creek,Oak Savanna,CC_savanna,initial,NA,NA,initial,initial,inititial_19,forest_grassland,mixed,Mel_Black,Mix_MB,melanized ,,100,1,0,0,0,0,
cedar creek,Oak Savanna,CC_savanna,initial,NA,NA,initial,initial,inititial_20,AM_grass,AM,Mel_White,AM_MW,non-melanized,,100,1,0,0,0,0,
cedar creek,Oak Savanna,CC_savanna,initial,NA,NA,initial,initial,inititial_23,AM_grass,AM,Mort,AM_Mort,non-melanized,,100,1,0,0,0,0,
cedar creek,Oak Savanna,CC_savanna,initial,NA,NA,initial,initial,inititial_21,EM_tree,EM,Mel_White,EM_MW,non-melanized,,100,1,0,0,0,0,
cedar creek,Oak Savanna,CC_savanna,initial,NA,NA,initial,initial,inititial_24,EM_tree,EM,Mort,EM_Mort,non-melanized,,100,1,0,0,0,0,
cedar creek,Oak Savanna,CC_savanna,initial,NA,NA,initial,initial,inititial_22,forest_grassland,mixed,Mel_White,Mix_MW,non-melanized,,100,1,0,0,0,0,
cedar creek,Oak Savanna,CC_savanna,initial,NA,NA,initial,initial,inititial_25,forest_grassland,mixed,Mort,Mix_Mort,non-melanized,,100,1,0,0,0,0,
moores creek,Forest,MC_forest,initial,NA,NA,initial,initial,inititial_3,AM_tree,AM,Mel_Black,AM_MB,melanized ,7/14/17,100,1,0,0,0,0,
moores creek,Forest,MC_forest,initial,NA,NA,initial,initial,inititial_2,EM_tree,EM,Mel_Black,EM_MB,melanized ,7/14/17,100,1,0,0,0,0,
moores creek,Forest,MC_forest,initial,NA,NA,initial,initial,inititial_6,AM_tree,AM,Mort,AM_Mort,non-melanized,7/14/17,100,1,0,0,0,0,
moores creek,Forest,MC_forest,initial,NA,NA,initial,initial,inititial_5,EM_tree,EM,Mort,EM_Mort,non-melanized,7/14/17,100,1,0,0,0,0,
cedar creek,Prairie,CC_praire1,field_5,NA,NA,1,18,CCP1_15,AM_grass,AM,Ceno,AM_ceno,melanized ,7/25/17,42.08333333,0.420833333,7,1,0.233333333,0.019178082,
cedar creek,Prairie,CC_praire1,field_5,NA,NA,2,19,CCP1_30,AM_grass,AM,Ceno,AM_ceno,melanized ,7/25/17,60,0.6,7,1,0.233333333,0.019178082,
cedar creek,Prairie,CC_praire1,field_5,NA,NA,3,20,CCP1_45,AM_grass,AM,Ceno,AM_ceno,melanized ,7/25/17,49.23076923,0.492307692,7,1,0.233333333,0.019178082,
cedar creek,Prairie,CC_praire1,field_5,NA,NA,4,21,CCP1_57,AM_grass,AM,Ceno,AM_ceno,melanized ,7/25/17,38.4,0.384,7,1,0.233333333,0.019178082,
cedar creek,Prairie,CC_praire1,field_5,NA,NA,1,18,CCP1_16,EM_forb,EM,Ceno,EM_Ceno,melanized ,7/25/17,52.5,0.525,7,1,0.233333333,0.019178082,
cedar creek,Prairie,CC_praire1,field_5,NA,NA,2,19,CCP1_25,EM_forb,EM,Ceno,EM_Ceno,melanized ,7/25/17,26.4,0.264,7,1,0.233333333,0.019178082,
cedar creek,Prairie,CC_praire1,field_5,NA,NA,3,20,CCP1_41,EM_forb,EM,Ceno,EM_Ceno,melanized ,7/25/17,33.84615385,0.338461538,7,1,0.233333333,0.019178082,
cedar creek,Prairie,CC_praire1,field_5,NA,NA,4,21,CCP1_60,EM_forb,EM,Ceno,EM_Ceno,melanized ,7/25/17,48.33333333,0.483333333,7,1,0.233333333,0.019178082,
cedar creek,Prairie,CC_praire1,field_5,NA,NA,1,18,CCP1_10,AM_grass,AM,Mort,AM_Mort,non-melanized,7/25/17,28.8,0.288,7,1,0.233333333,0.019178082,
cedar creek,Prairie,CC_praire1,field_5,NA,NA,2,19,CCP1_31,AM_grass,AM,Mort,AM_Mort,non-melanized,7/25/17,74.16666667,0.741666667,7,1,0.233333333,0.019178082,
cedar creek,Prairie,CC_praire1,field_5,NA,NA,3,20,CCP1_42,AM_grass,AM,Mort,AM_Mort,non-melanized,7/25/17,34,0.34,7,1,0.233333333,0.019178082,
cedar creek,Prairie,CC_praire1,field_5,NA,NA,4,21,CCP1_61,AM_grass,AM,Mort,AM_Mort,non-melanized,7/25/17,78.4,0.784,7,1,0.233333333,0.019178082,
cedar creek,Prairie,CC_praire1,field_5,NA,NA,1,18,CCP1_8,EM_forb,EM,Mort,EM_Mort,non-melanized,7/25/17,28.33333333,0.283333333,7,1,0.233333333,0.019178082,
cedar creek,Prairie,CC_praire1,field_5,NA,NA,2,19,CCP1_28,EM_forb,EM,Mort,EM_Mort,non-melanized,7/25/17,43.2,0.432,7,1,0.233333333,0.019178082,
cedar creek,Prairie,CC_praire1,field_5,NA,NA,3,20,CCP1_39,EM_forb,EM,Mort,EM_Mort,non-melanized,7/25/17,27.91666667,0.279166667,7,1,0.233333333,0.019178082,
cedar creek,Prairie,CC_praire1,field_5,NA,NA,4,21,CCP1_59,EM_forb,EM,Mort,EM_Mort,non-melanized,7/25/17,47.2,0.472,7,1,0.233333333,0.019178082,
cedar creek,Prairie,CC_praire2,field_0,16.73333333,4.925,1,22, CCP2_65,AM_grass,AM,Ceno,AM_ceno,melanized ,8/29/17,21.25984252,0.212598425,11,1.571428571,0.366666667,0.030136986,
cedar creek,Prairie,CC_praire2,field_5,17.16666667,4.8075,1,23, CCP2_66,AM_grass,AM,Ceno,AM_ceno,melanized ,8/29/17,21.37096774,0.213709677,11,1.571428571,0.366666667,0.030136986,
cedar creek,Prairie,CC_praire2,field_80,16.8,4.5215,1,24, CCP2_67,AM_grass,AM,Ceno,AM_ceno,melanized ,8/29/17,23.46153846,0.234615385,11,1.571428571,0.366666667,0.030136986,
cedar creek,Prairie,CC_praire2,field_80,13.7,4.6285,2,27, CCP2_100,AM_grass,AM,Ceno,AM_ceno,melanized ,8/29/17,26.4,0.264,11,1.571428571,0.366666667,0.030136986,
cedar creek,Prairie,CC_praire2,field_5,15.93333333,4.697,2,26, CCP2_101,AM_grass,AM,Ceno,AM_ceno,melanized ,8/29/17,28.35249042,0.283524904,11,1.571428571,0.366666667,0.030136986,
cedar creek,Prairie,CC_praire2,field_0,13.2,4.843,2,25, CCP2_103,AM_grass,AM,Ceno,AM_ceno,melanized ,8/29/17,29.52755906,0.295275591,11,1.571428571,0.366666667,0.030136986,
cedar creek,Prairie,CC_praire2,field_0,12.8,4.7905,3,28, CCP2_136,AM_grass,AM,Ceno,AM_ceno,melanized ,8/29/17,22.89156627,0.228915663,11,1.571428571,0.366666667,0.030136986,
cedar creek,Prairie,CC_praire2,field_5,13.2,4.9675,3,29, CCP2_140,AM_grass,AM,Ceno,AM_ceno,melanized ,8/29/17,29.92125984,0.299212598,11,1.571428571,0.366666667,0.030136986,
cedar creek,Prairie,CC_praire2,field_80,10.23333333,4.971,3,30, CCP2_164,AM_grass,AM,Ceno,AM_ceno,melanized ,8/29/17,NA,NA,11,1.571428571,0.366666667,0.030136986,not recovered
cedar creek,Prairie,CC_praire2,field_80,11.23333333,4.815,4,33, CCP2_170,AM_grass,AM,Ceno,AM_ceno,melanized ,8/29/17,19.04761905,0.19047619,11,1.571428571,0.366666667,0.030136986,
cedar creek,Prairie,CC_praire2,field_0,12.13333333,4.6605,4,31, CCP2_175,AM_grass,AM,Ceno,AM_ceno,melanized ,8/29/17,25.78125,0.2578125,11,1.571428571,0.366666667,0.030136986,
cedar creek,Prairie,CC_praire2,field_5,NA,4.529,4,32, CCP2_193,AM_grass,AM,Ceno,AM_ceno,melanized ,8/29/17,NA,NA,11,1.571428571,0.366666667,0.030136986,not recovered
cedar creek,Prairie,CC_praire2,field_0,14.83333333,5.102,5,34, CCP2_209,AM_grass,AM,Ceno,AM_ceno,melanized ,8/29/17,22.00772201,0.22007722,11,1.571428571,0.366666667,0.030136986,
cedar creek,Prairie,CC_praire2,field_5,NA,4.5195,5,35, CCP2_230,AM_grass,AM,Ceno,AM_ceno,melanized ,8/29/17,NA,NA,11,1.571428571,0.366666667,0.030136986,not recovered
cedar creek,Prairie,CC_praire2,field_80,12.43333333,5.0665,5,36, CCP2_236,AM_grass,AM,Ceno,AM_ceno,melanized ,8/29/17,NA,NA,11,1.571428571,0.366666667,0.030136986,not recovered
cedar creek,Prairie,CC_praire2,field_0,12.36666667,5.0165,6,37, CCP2_243,AM_grass,AM,Ceno,AM_ceno,melanized ,8/29/17,17.2,0.172,11,1.571428571,0.366666667,0.030136986,
cedar creek,Prairie,CC_praire2,field_5,16.23333333,4.7215,6,38, CCP2_263,AM_grass,AM,Ceno,AM_ceno,melanized ,8/29/17,NA,NA,11,1.571428571,0.366666667,0.030136986,not recovered
cedar creek,Prairie,CC_praire2,field_80,12.3,4.9555,6,39, CCP2_269,AM_grass,AM,Ceno,AM_ceno,melanized ,8/29/17,NA,NA,11,1.571428571,0.366666667,0.030136986,not recovered
cedar creek,Prairie,CC_praire2,field_0,16.73333333,4.925,1,22, CCP2_77,AM_grass,AM,Mel_Black,AM_MB,melanized ,8/29/17,49.80079681,0.498007968,11,1.571428571,0.366666667,0.030136986,
cedar creek,Prairie,CC_praire2,field_80,16.8,4.5215,1,24, CCP2_79,AM_grass,AM,Mel_Black,AM_MB,melanized ,8/29/17,54.50980392,0.545098039,11,1.571428571,0.366666667,0.030136986,
cedar creek,Prairie,CC_praire2,field_5,15.93333333,4.697,2,26, CCP2_107,AM_grass,AM,Mel_Black,AM_MB,melanized ,8/29/17,42.7480916,0.427480916,11,1.571428571,0.366666667,0.030136986,
cedar creek,Prairie,CC_praire2,field_0,13.2,4.843,2,25, CCP2_111,AM_grass,AM,Mel_Black,AM_MB,melanized ,8/29/17,46.33204633,0.463320463,11,1.571428571,0.366666667,0.030136986,
cedar creek,Prairie,CC_praire2,field_80,13.7,4.6285,2,27, CCP2_112,AM_grass,AM,Mel_Black,AM_MB,melanized ,8/29/17,50.19455253,0.501945525,11,1.571428571,0.366666667,0.030136986,
cedar creek,Prairie,CC_praire2,field_5,13.2,4.9675,3,29, CCP2_147,AM_grass,AM,Mel_Black,AM_MB,melanized ,8/29/17,41.96078431,0.419607843,11,1.571428571,0.366666667,0.030136986,
cedar creek,Prairie,CC_praire2,field_0,12.8,4.7905,3,28, CCP2_150,AM_grass,AM,Mel_Black,AM_MB,melanized ,8/29/17,53.1496063,0.531496063,11,1.571428571,0.366666667,0.030136986,
cedar creek,Prairie,CC_praire2,field_80,10.23333333,4.971,3,30, CCP2_166,AM_grass,AM,Mel_Black,AM_MB,melanized ,8/29/17,NA,NA,11,1.571428571,0.366666667,0.030136986,not recovered
cedar creek,Prairie,CC_praire2,field_0,12.13333333,4.6605,4,31, CCP2_183,AM_grass,AM,Mel_Black,AM_MB,melanized ,8/29/17,53.44129555,0.534412955,11,1.571428571,0.366666667,0.030136986,
cedar creek,Prairie,CC_praire2,field_5,NA,4.529,4,32, CCP2_195,AM_grass,AM,Mel_Black,AM_MB,melanized ,8/29/17,NA,NA,11,1.571428571,0.366666667,0.030136986,not recovered
cedar creek,Prairie,CC_praire2,field_80,11.23333333,4.815,4,33, CCP2_201,AM_grass,AM,Mel_Black,AM_MB,melanized ,8/29/17,NA,NA,11,1.571428571,0.366666667,0.030136986,not recovered
cedar creek,Prairie,CC_praire2,field_0,14.83333333,5.102,5,34, CCP2_222,AM_grass,AM,Mel_Black,AM_MB,melanized ,8/29/17,56.52173913,0.565217391,11,1.571428571,0.366666667,0.030136986,
cedar creek,Prairie,CC_praire2,field_5,NA,4.5195,5,35, CCP2_232,AM_grass,AM,Mel_Black,AM_MB,melanized ,8/29/17,NA,NA,11,1.571428571,0.366666667,0.030136986,not recovered
cedar creek,Prairie,CC_praire2,field_80,12.43333333,5.0665,5,36, CCP2_238,AM_grass,AM,Mel_Black,AM_MB,melanized ,8/29/17,NA,NA,11,1.571428571,0.366666667,0.030136986,not recovered
cedar creek,Prairie,CC_praire2,field_0,12.36666667,5.0165,6,37, CCP2_254,AM_grass,AM,Mel_Black,AM_MB,melanized ,8/29/17,45.12195122,0.451219512,11,1.571428571,0.366666667,0.030136986,
cedar creek,Prairie,CC_praire2,field_5,16.23333333,4.7215,6,38, CCP2_265,AM_grass,AM,Mel_Black,AM_MB,melanized ,8/29/17,NA,NA,11,1.571428571,0.366666667,0.030136986,not recovered
cedar creek,Prairie,CC_praire2,field_80,12.3,4.9555,6,39, CCP2_272,AM_grass,AM,Mel_Black,AM_MB,melanized ,8/29/17,NA,NA,11,1.571428571,0.366666667,0.030136986,not recovered
cedar creek,Prairie,CC_praire2,field_0,16.53333333,4.9025,1,22, CCP2_63,EM_forb,EM,Ceno,EM_Ceno,melanized ,8/29/17,18.75,0.1875,11,1.571428571,0.366666667,0.030136986,
cedar creek,Prairie,CC_praire2,field_5,14.73333333,4.6835,1,23, CCP2_64,EM_forb,EM,Ceno,EM_Ceno,melanized ,8/29/17,21.09375,0.2109375,11,1.571428571,0.366666667,0.030136986,
cedar creek,Prairie,CC_praire2,field_80,16.63333333,4.376,1,24, CCP2_69,EM_forb,EM,Ceno,EM_Ceno,melanized ,8/29/17,31.29770992,0.312977099,11,1.571428571,0.366666667,0.030136986,
cedar creek,Prairie,CC_praire2,field_80,13.66666667,4.9545,2,27, CCP2_98,EM_forb,EM,Ceno,EM_Ceno,melanized ,8/29/17,18.3908046,0.183908046,11,1.571428571,0.366666667,0.030136986,
cedar creek,Prairie,CC_praire2,field_0,12.93333333,4.903,2,25, CCP2_99,EM_forb,EM,Ceno,EM_Ceno,melanized ,8/29/17,24.31372549,0.243137255,11,1.571428571,0.366666667,0.030136986,
cedar creek,Prairie,CC_praire2,field_5,12.9,4.724,2,26, CCP2_102,EM_forb,EM,Ceno,EM_Ceno,melanized ,8/29/17,29.27756654,0.292775665,11,1.571428571,0.366666667,0.030136986,
cedar creek,Prairie,CC_praire2,field_0,12.8,4.8985,3,28, CCP2_135,EM_forb,EM,Ceno,EM_Ceno,melanized ,8/29/17,21.56862745,0.215686275,11,1.571428571,0.366666667,0.030136986,
cedar creek,Prairie,CC_praire2,field_5,12.9,5.6155,3,29, CCP2_143,EM_forb,EM,Ceno,EM_Ceno,melanized ,8/29/17,33.203125,0.33203125,11,1.571428571,0.366666667,0.030136986,
cedar creek,Prairie,CC_praire2,field_80,10.53333333,5.3395,3,30, CCP2_165,EM_forb,EM,Ceno,EM_Ceno,melanized ,8/29/17,NA,NA,11,1.571428571,0.366666667,0.030136986,not recovered
cedar creek,Prairie,CC_praire2,field_0,12.9,5.354,4,31, CCP2_174,EM_forb,EM,Ceno,EM_Ceno,melanized ,8/29/17,24.61538462,0.246153846,11,1.571428571,0.366666667,0.030136986,
cedar creek,Prairie,CC_praire2,field_80,9.833333333,4.86,4,33, CCP2_176,EM_forb,EM,Ceno,EM_Ceno,melanized ,8/29/17,26.05363985,0.260536398,11,1.571428571,0.366666667,0.030136986,
cedar creek,Prairie,CC_praire2,field_5,NA,4.668,4,32, CCP2_194,EM_forb,EM,Ceno,EM_Ceno,melanized ,8/29/17,NA,NA,11,1.571428571,0.366666667,0.030136986,not recovered
cedar creek,Prairie,CC_praire2,field_0,12.36666667,5.3,5,34, CCP2_215,EM_forb,EM,Ceno,EM_Ceno,melanized ,8/29/17,29.64426877,0.296442688,11,1.571428571,0.366666667,0.030136986,
cedar creek,Prairie,CC_praire2,field_5,NA,4.6525,5,35, CCP2_231,EM_forb,EM,Ceno,EM_Ceno,melanized ,8/29/17,NA,NA,11,1.571428571,0.366666667,0.030136986,not recovered
cedar creek,Prairie,CC_praire2,field_80,11.46666667,5.501,5,36, CCP2_237,EM_forb,EM,Ceno,EM_Ceno,melanized ,8/29/17,NA,NA,11,1.571428571,0.366666667,0.030136986,not recovered
cedar creek,Prairie,CC_praire2,field_0,12.56666667,4.812,6,37, CCP2_255,EM_forb,EM,Ceno,EM_Ceno,melanized ,8/29/17,45.81673307,0.458167331,11,1.571428571,0.366666667,0.030136986,
cedar creek,Prairie,CC_praire2,field_5,13.26666667,4.606,6,38, CCP2_264,EM_forb,EM,Ceno,EM_Ceno,melanized ,8/29/17,NA,NA,11,1.571428571,0.366666667,0.030136986,not recovered
cedar creek,Prairie,CC_praire2,field_80,7.133333333,4.737,6,39, CCP2_270,EM_forb,EM,Ceno,EM_Ceno,melanized ,8/29/17,NA,NA,11,1.571428571,0.366666667,0.030136986,not recovered
cedar creek,Prairie,CC_praire2,field_0,16.53333333,4.9025,1,22, CCP2_71,EM_forb,EM,Mel_Black,EM_MB,melanized ,8/29/17,37.69230769,0.376923077,11,1.571428571,0.366666667,0.030136986,
cedar creek,Prairie,CC_praire2,field_80,16.63333333,4.376,1,24, CCP2_76,EM_forb,EM,Mel_Black,EM_MB,melanized ,8/29/17,46.692607,0.46692607,11,1.571428571,0.366666667,0.030136986,
cedar creek,Prairie,CC_praire2,field_5,14.73333333,4.6835,1,23, CCP2_78,EM_forb,EM,Mel_Black,EM_MB,melanized ,8/29/17,50,0.5,11,1.571428571,0.366666667,0.030136986,
cedar creek,Prairie,CC_praire2,field_5,12.9,4.724,2,26, CCP2_106,EM_forb,EM,Mel_Black,EM_MB,melanized ,8/29/17,42.30769231,0.423076923,11,1.571428571,0.366666667,0.030136986,
cedar creek,Prairie,CC_praire2,field_80,13.66666667,4.9545,2,27, CCP2_114,EM_forb,EM,Mel_Black,EM_MB,melanized ,8/29/17,55.42635659,0.554263566,11,1.571428571,0.366666667,0.030136986,
cedar creek,Prairie,CC_praire2,field_0,12.93333333,4.903,2,25, CCP2_115,EM_forb,EM,Mel_Black,EM_MB,melanized ,8/29/17,58.17490494,0.581749049,11,1.571428571,0.366666667,0.030136986,
cedar creek,Prairie,CC_praire2,field_5,12.9,5.6155,3,29, CCP2_142,EM_forb,EM,Mel_Black,EM_MB,melanized ,8/29/17,32.17054264,0.321705426,11,1.571428571,0.366666667,0.030136986,
cedar creek,Prairie,CC_praire2,field_0,12.8,4.8985,3,28, CCP2_151,EM_forb,EM,Mel_Black,EM_MB,melanized ,8/29/17,56.640625,0.56640625,11,1.571428571,0.366666667,0.030136986,
cedar creek,Prairie,CC_praire2,field_80,10.53333333,5.3395,3,30, CCP2_167,EM_forb,EM,Mel_Black,EM_MB,melanized ,8/29/17,NA,NA,11,1.571428571,0.366666667,0.030136986,not recovered
cedar creek,Prairie,CC_praire2,field_0,12.9,5.354,4,31, CCP2_184,EM_forb,EM,Mel_Black,EM_MB,melanized ,8/29/17,56.2992126,0.562992126,11,1.571428571,0.366666667,0.030136986,
cedar creek,Prairie,CC_praire2,field_80,9.833333333,4.86,4,33, CCP2_186,EM_forb,EM,Mel_Black,EM_MB,melanized ,8/29/17,63.2,0.632,11,1.571428571,0.366666667,0.030136986,
cedar creek,Prairie,CC_praire2,field_5,NA,4.668,4,32, CCP2_196,EM_forb,EM,Mel_Black,EM_MB,melanized ,8/29/17,NA,NA,11,1.571428571,0.366666667,0.030136986,not recovered
cedar creek,Prairie,CC_praire2,field_0,12.36666667,5.3,5,34, CCP2_223,EM_forb,EM,Mel_Black,EM_MB,melanized ,8/29/17,77.13178295,0.771317829,11,1.571428571,0.366666667,0.030136986,
cedar creek,Prairie,CC_praire2,field_5,NA,4.6525,5,35, CCP2_233,EM_forb,EM,Mel_Black,EM_MB,melanized ,8/29/17,NA,NA,11,1.571428571,0.366666667,0.030136986,not recovered
cedar creek,Prairie,CC_praire2,field_80,11.46666667,5.501,5,36, CCP2_239,EM_forb,EM,Mel_Black,EM_MB,melanized ,8/29/17,NA,NA,11,1.571428571,0.366666667,0.030136986,not recovered
cedar creek,Prairie,CC_praire2,field_0,12.56666667,4.812,6,37, CCP2_256,EM_forb,EM,Mel_Black,EM_MB,melanized ,8/29/17,61.8852459,0.618852459,11,1.571428571,0.366666667,0.030136986,
cedar creek,Prairie,CC_praire2,field_5,13.26666667,4.606,6,38, CCP2_266,EM_forb,EM,Mel_Black,EM_MB,melanized ,8/29/17,NA,NA,11,1.571428571,0.366666667,0.030136986,not recovered
cedar creek,Prairie,CC_praire2,field_80,7.133333333,4.737,6,39, CCP2_273,EM_forb,EM,Mel_Black,EM_MB,melanized ,8/29/17,NA,NA,11,1.571428571,0.366666667,0.030136986,not recovered
cedar creek,Prairie,CC_praire2,field_80,16.8,4.5215,1,24, CCP2_68,AM_grass,AM,Mort,AM_Mort,non-melanized,8/29/17,30.26819923,0.302681992,11,1.571428571,0.366666667,0.030136986,
cedar creek,Prairie,CC_praire2,field_0,16.73333333,4.925,1,22, CCP2_72,AM_grass,AM,Mort,AM_Mort,non-melanized,8/29/17,39.35742972,0.393574297,11,1.571428571,0.366666667,0.030136986,
cedar creek,Prairie,CC_praire2,field_5,17.16666667,4.8075,1,23, CCP2_74,AM_grass,AM,Mort,AM_Mort,non-melanized,8/29/17,44.70588235,0.447058824,11,1.571428571,0.366666667,0.030136986,
cedar creek,Prairie,CC_praire2,field_80,13.7,4.6285,2,27, CCP2_108,AM_grass,AM,Mort,AM_Mort,non-melanized,8/29/17,42.85714286,0.428571429,11,1.571428571,0.366666667,0.030136986,
cedar creek,Prairie,CC_praire2,field_5,15.93333333,4.697,2,26, CCP2_109,AM_grass,AM,Mort,AM_Mort,non-melanized,8/29/17,43.62934363,0.436293436,11,1.571428571,0.366666667,0.030136986,
cedar creek,Prairie,CC_praire2,field_0,13.2,4.843,2,25, CCP2_110,AM_grass,AM,Mort,AM_Mort,non-melanized,8/29/17,46.18473896,0.46184739,11,1.571428571,0.366666667,0.030136986,
cedar creek,Prairie,CC_praire2,field_0,12.8,4.7905,3,28, CCP2_145,AM_grass,AM,Mort,AM_Mort,non-melanized,8/29/17,39.54372624,0.395437262,11,1.571428571,0.366666667,0.030136986,
cedar creek,Prairie,CC_praire2,field_5,13.2,4.9675,3,29, CCP2_148,AM_grass,AM,Mort,AM_Mort,non-melanized,8/29/17,43.41085271,0.434108527,11,1.571428571,0.366666667,0.030136986,
cedar creek,Prairie,CC_praire2,field_80,10.23333333,4.971,3,30, CCP2_168,AM_grass,AM,Mort,AM_Mort,non-melanized,8/29/17,NA,NA,11,1.571428571,0.366666667,0.030136986,not recovered
cedar creek,Prairie,CC_praire2,field_0,12.13333333,4.6605,4,31, CCP2_179,AM_grass,AM,Mort,AM_Mort,non-melanized,8/29/17,40.16064257,0.401606426,11,1.571428571,0.366666667,0.030136986,
cedar creek,Prairie,CC_praire2,field_80,11.23333333,4.815,4,33, CCP2_182,AM_grass,AM,Mort,AM_Mort,non-melanized,8/29/17,50,0.5,11,1.571428571,0.366666667,0.030136986,
cedar creek,Prairie,CC_praire2,field_5,NA,4.529,4,32, CCP2_197,AM_grass,AM,Mort,AM_Mort,non-melanized,8/29/17,NA,NA,11,1.571428571,0.366666667,0.030136986,not recovered
cedar creek,Prairie,CC_praire2,field_0,14.83333333,5.102,5,34, CCP2_220,AM_grass,AM,Mort,AM_Mort,non-melanized,8/29/17,40.15444015,0.401544402,11,1.571428571,0.366666667,0.030136986,
cedar creek,Prairie,CC_praire2,field_5,NA,4.5195,5,35, CCP2_234,AM_grass,AM,Mort,AM_Mort,non-melanized,8/29/17,NA,NA,11,1.571428571,0.366666667,0.030136986,not recovered
cedar creek,Prairie,CC_praire2,field_80,12.43333333,5.0665,5,36, CCP2_240,AM_grass,AM,Mort,AM_Mort,non-melanized,8/29/17,NA,NA,11,1.571428571,0.366666667,0.030136986,not recovered
cedar creek,Prairie,CC_praire2,field_0,12.36666667,5.0165,6,37, CCP2_251,AM_grass,AM,Mort,AM_Mort,non-melanized,8/29/17,38.73517787,0.387351779,11,1.571428571,0.366666667,0.030136986,
cedar creek,Prairie,CC_praire2,field_5,16.23333333,4.7215,6,38, CCP2_267,AM_grass,AM,Mort,AM_Mort,non-melanized,8/29/17,NA,NA,11,1.571428571,0.366666667,0.030136986,not recovered
cedar creek,Prairie,CC_praire2,field_80,12.3,4.9555,6,39, CCP2_275,AM_grass,AM,Mort,AM_Mort,non-melanized,8/29/17,NA,NA,11,1.571428571,0.366666667,0.030136986,not recovered
cedar creek,Prairie,CC_praire2,field_80,16.63333333,4.376,1,24, CCP2_70,EM_forb,EM,Mort,EM_Mort,non-melanized,8/29/17,37.20930233,0.372093023,11,1.571428571,0.366666667,0.030136986,
cedar creek,Prairie,CC_praire2,field_0,16.53333333,4.9025,1,22, CCP2_73,EM_forb,EM,Mort,EM_Mort,non-melanized,8/29/17,43.79844961,0.437984496,11,1.571428571,0.366666667,0.030136986,
cedar creek,Prairie,CC_praire2,field_5,14.73333333,4.6835,1,23, CCP2_75,EM_forb,EM,Mort,EM_Mort,non-melanized,8/29/17,45.88235294,0.458823529,11,1.571428571,0.366666667,0.030136986,
cedar creek,Prairie,CC_praire2,field_5,12.9,4.724,2,26, CCP2_104,EM_forb,EM,Mort,EM_Mort,non-melanized,8/29/17,31.2,0.312,11,1.571428571,0.366666667,0.030136986,
cedar creek,Prairie,CC_praire2,field_80,13.66666667,4.9545,2,27, CCP2_105,EM_forb,EM,Mort,EM_Mort,non-melanized,8/29/17,40.234375,0.40234375,11,1.571428571,0.366666667,0.030136986,
cedar creek,Prairie,CC_praire2,field_0,12.93333333,4.903,2,25, CCP2_113,EM_forb,EM,Mort,EM_Mort,non-melanized,8/29/17,50.57034221,0.505703422,11,1.571428571,0.366666667,0.030136986,
cedar creek,Prairie,CC_praire2,field_5,12.9,5.6155,3,29, CCP2_146,EM_forb,EM,Mort,EM_Mort,non-melanized,8/29/17,40.85603113,0.408560311,11,1.571428571,0.366666667,0.030136986,
cedar creek,Prairie,CC_praire2,field_0,12.8,4.8985,3,28, CCP2_149,EM_forb,EM,Mort,EM_Mort,non-melanized,8/29/17,44.88188976,0.448818898,11,1.571428571,0.366666667,0.030136986,
cedar creek,Prairie,CC_praire2,field_80,10.53333333,5.3395,3,30, CCP2_169,EM_forb,EM,Mort,EM_Mort,non-melanized,8/29/17,NA,NA,11,1.571428571,0.366666667,0.030136986,not recovered
cedar creek,Prairie,CC_praire2,field_80,9.833333333,4.86,4,33, CCP2_180,EM_forb,EM,Mort,EM_Mort,non-melanized,8/29/17,41.37931034,0.413793103,11,1.571428571,0.366666667,0.030136986,
cedar creek,Prairie,CC_praire2,field_0,12.9,5.354,4,31, CCP2_185,EM_forb,EM,Mort,EM_Mort,non-melanized,8/29/17,56.2992126,0.562992126,11,1.571428571,0.366666667,0.030136986,
cedar creek,Prairie,CC_praire2,field_5,NA,4.668,4,32, CCP2_198,EM_forb,EM,Mort,EM_Mort,non-melanized,8/29/17,NA,NA,11,1.571428571,0.366666667,0.030136986,not recovered
cedar creek,Prairie,CC_praire2,field_0,12.36666667,5.3,5,34, CCP2_219,EM_forb,EM,Mort,EM_Mort,non-melanized,8/29/17,38.18897638,0.381889764,11,1.571428571,0.366666667,0.030136986,
cedar creek,Prairie,CC_praire2,field_5,NA,4.6525,5,35, CCP2_235,EM_forb,EM,Mort,EM_Mort,non-melanized,8/29/17,NA,NA,11,1.571428571,0.366666667,0.030136986,not recovered
cedar creek,Prairie,CC_praire2,field_80,11.46666667,5.501,5,36, CCP2_241,EM_forb,EM,Mort,EM_Mort,non-melanized,8/29/17,NA,NA,11,1.571428571,0.366666667,0.030136986,not recovered
cedar creek,Prairie,CC_praire2,field_0,12.56666667,4.812,6,37, CCP2_249,EM_forb,EM,Mort,EM_Mort,non-melanized,8/29/17,29.296875,0.29296875,11,1.571428571,0.366666667,0.030136986,
cedar creek,Prairie,CC_praire2,field_5,13.26666667,4.606,6,38, CCP2_268,EM_forb,EM,Mort,EM_Mort,non-melanized,8/29/17,NA,NA,11,1.571428571,0.366666667,0.030136986,not recovered
cedar creek,Prairie,CC_praire2,field_80,7.133333333,4.737,6,39, CCP2_276,EM_forb,EM,Mort,EM_Mort,non-melanized,8/29/17,NA,NA,11,1.571428571,0.366666667,0.030136986,not recovered
cedar creek,Prairie,CC_praire1,field_5,NA,NA,1,18,CCP1_12,AM_grass,AM,Ceno,AM_ceno,melanized ,8/1/17,34.61538462,0.346153846,14,2,0.466666667,0.038356164,
cedar creek,Prairie,CC_praire1,field_5,NA,NA,2,19,CCP1_29,AM_grass,AM,Ceno,AM_ceno,melanized ,8/1/17,51.25,0.5125,14,2,0.466666667,0.038356164,
cedar creek,Prairie,CC_praire1,field_5,NA,NA,3,20,CCP1_43,AM_grass,AM,Ceno,AM_ceno,melanized ,8/1/17,35.6,0.356,14,2,0.466666667,0.038356164,
cedar creek,Prairie,CC_praire1,field_5,NA,NA,4,21,CCP1_54,AM_grass,AM,Ceno,AM_ceno,melanized ,8/1/17,24.8,0.248,14,2,0.466666667,0.038356164,
cedar creek,Prairie,CC_praire1,field_5,NA,NA,1,18,CCP1_13,EM_forb,EM,Ceno,EM_Ceno,melanized ,8/1/17,35,0.35,14,2,0.466666667,0.038356164,
cedar creek,Prairie,CC_praire1,field_5,NA,NA,2,19,CCP1_27,EM_forb,EM,Ceno,EM_Ceno,melanized ,8/1/17,30.4,0.304,14,2,0.466666667,0.038356164,
cedar creek,Prairie,CC_praire1,field_5,NA,NA,3,20,CCP1_34,EM_forb,EM,Ceno,EM_Ceno,melanized ,8/1/17,20.38461538,0.203846154,14,2,0.466666667,0.038356164,
cedar creek,Prairie,CC_praire1,field_5,NA,NA,4,21,CCP1_58,EM_forb,EM,Ceno,EM_Ceno,melanized ,8/1/17,42.5,0.425,14,2,0.466666667,0.038356164,
cedar creek,Prairie,CC_praire1,field_5,NA,NA,1,18,CCP1_11,AM_grass,AM,Mort,AM_Mort,non-melanized,8/1/17,28.8,0.288,14,2,0.466666667,0.038356164,
cedar creek,Prairie,CC_praire1,field_5,NA,NA,2,19,CCP1_23,AM_grass,AM,Mort,AM_Mort,non-melanized,8/1/17,26,0.26,14,2,0.466666667,0.038356164,
cedar creek,Prairie,CC_praire1,field_5,NA,NA,3,20,CCP1_36,AM_grass,AM,Mort,AM_Mort,non-melanized,8/1/17,26.8,0.268,14,2,0.466666667,0.038356164,
cedar creek,Prairie,CC_praire1,field_5,NA,NA,4,21,CCP1_55,AM_grass,AM,Mort,AM_Mort,non-melanized,8/1/17,29.2,0.292,14,2,0.466666667,0.038356164,
cedar creek,Prairie,CC_praire1,field_5,NA,NA,1,18,CCP1_14,EM_forb,EM,Mort,EM_Mort,non-melanized,8/1/17,41.53846154,0.415384615,14,2,0.466666667,0.038356164,
cedar creek,Prairie,CC_praire1,field_5,NA,NA,2,19,CCP1_17,EM_forb,EM,Mort,EM_Mort,non-melanized,8/1/17,17.5,0.175,14,2,0.466666667,0.038356164,
cedar creek,Prairie,CC_praire1,field_5,NA,NA,3,20,CCP1_40,EM_forb,EM,Mort,EM_Mort,non-melanized,8/1/17,29.23076923,0.292307692,14,2,0.466666667,0.038356164,
cedar creek,Prairie,CC_praire1,field_5,NA,NA,4,21,CCP1_47,EM_forb,EM,Mort,EM_Mort,non-melanized,8/1/17,18.33333333,0.183333333,14,2,0.466666667,0.038356164,
cedar creek,Oak Savanna,CC_savanna,transect_20m,9.595020767,5.5,Oak_1,15,CCSav_313,AM_grass,AM,Mel_Black,AM_MB,melanized ,,49.58333333,0.495833333,14,2,0.466666667,0.038356164,
cedar creek,Oak Savanna,CC_savanna,transect_20m,10.89403234,5.035,Oak_2,16,CCSav_349,AM_grass,AM,Mel_Black,AM_MB,melanized ,,46.2962963,0.462962963,14,2,0.466666667,0.038356164,
cedar creek,Oak Savanna,CC_savanna,transect_20m,7.687178126,5.215,Oak_3,17,CCSav_385,AM_grass,AM,Mel_Black,AM_MB,melanized ,,59.6,0.596,14,2,0.466666667,0.038356164,
cedar creek,Oak Savanna,CC_savanna,transect_-10m,11.06129214,4.3,Oak_1,15,CCSav_312,EM_tree,EM,Mel_Black,EM_MB,melanized ,,37.6,0.376,14,2,0.466666667,0.038356164,
cedar creek,Oak Savanna,CC_savanna,transect_-10m,8.367395464,4.67,Oak_2,16,CCSav_348,EM_tree,EM,Mel_Black,EM_MB,melanized ,,41.15384615,0.411538462,14,2,0.466666667,0.038356164,
cedar creek,Oak Savanna,CC_savanna,transect_-10m,13.57058806,4.05,Oak_3,17,CCSav_384,EM_tree,EM,Mel_Black,EM_MB,melanized ,,57.39130435,0.573913043,14,2,0.466666667,0.038356164,
cedar creek,Oak Savanna,CC_savanna,transect_5m,7.921294392,5.565,Oak_1,15,CCSav_303,forest_grassland,mixed,Mel_Black,Mix_MB,melanized ,,23.84615385,0.238461538,14,2,0.466666667,0.038356164,
cedar creek,Oak Savanna,CC_savanna,transect_5m,8.748146731,4.375,Oak_2,16,CCSav_347,forest_grassland,mixed,Mel_Black,Mix_MB,melanized ,,39.16666667,0.391666667,14,2,0.466666667,0.038356164,
cedar creek,Oak Savanna,CC_savanna,transect_5m,11.49136151,4.265,Oak_3,17,CCSav_383,forest_grassland,mixed,Mel_Black,Mix_MB,melanized ,,48.14814815,0.481481481,14,2,0.466666667,0.038356164,
cedar creek,Oak Savanna,CC_savanna,transect_20m,9.595020767,5.5,Oak_1,15,CCSav_310,AM_grass,AM,Mel_White,AM_MW,non-melanized,,31.11111111,0.311111111,14,2,0.466666667,0.038356164,
cedar creek,Oak Savanna,CC_savanna,transect_20m,10.89403234,5.035,Oak_2,16,CCSav_337,AM_grass,AM,Mel_White,AM_MW,non-melanized,,23.46153846,0.234615385,14,2,0.466666667,0.038356164,
cedar creek,Oak Savanna,CC_savanna,transect_20m,7.687178126,5.215,Oak_3,17,CCSav_372,AM_grass,AM,Mel_White,AM_MW,non-melanized,,30.37037037,0.303703704,14,2,0.466666667,0.038356164,
cedar creek,Oak Savanna,CC_savanna,transect_20m,9.595020767,5.5,Oak_1,15,CCSav_301,AM_grass,AM,Mort,AM_Mort,non-melanized,,23.33333333,0.233333333,14,2,0.466666667,0.038356164,
cedar creek,Oak Savanna,CC_savanna,transect_20m,10.89403234,5.035,Oak_2,16,CCSav_336,AM_grass,AM,Mort,AM_Mort,non-melanized,,23.2,0.232,14,2,0.466666667,0.038356164,
cedar creek,Oak Savanna,CC_savanna,transect_20m,7.687178126,5.215,Oak_3,17,CCSav_369,AM_grass,AM,Mort,AM_Mort,non-melanized,,28.07692308,0.280769231,14,2,0.466666667,0.038356164,
cedar creek,Oak Savanna,CC_savanna,transect_-10m,11.06129214,4.3,Oak_1,15,CCSav_309,EM_tree,EM,Mel_White,EM_MW,non-melanized,,30.41666667,0.304166667,14,2,0.466666667,0.038356164,
cedar creek,Oak Savanna,CC_savanna,transect_-10m,8.367395464,4.67,Oak_2,16,CCSav_344,EM_tree,EM,Mel_White,EM_MW,non-melanized,,29.23076923,0.292307692,14,2,0.466666667,0.038356164,
cedar creek,Oak Savanna,CC_savanna,transect_-10m,13.57058806,4.05,Oak_3,17,CCSav_375,EM_tree,EM,Mel_White,EM_MW,non-melanized,,31.85185185,0.318518519,14,2,0.466666667,0.038356164,
cedar creek,Oak Savanna,CC_savanna,transect_-10m,11.06129214,4.3,Oak_1,15,CCSav_307,EM_tree,EM,Mort,EM_Mort,non-melanized,,25.833333,0.25833333,14,2,0.466666667,0.038356164,
cedar creek,Oak Savanna,CC_savanna,transect_-10m,8.367395464,4.67,Oak_2,16,CCSav_343,EM_tree,EM,Mort,EM_Mort,non-melanized,,28.8,0.288,14,2,0.466666667,0.038356164,
cedar creek,Oak Savanna,CC_savanna,transect_-10m,13.57058806,4.05,Oak_3,17,CCSav_374,EM_tree,EM,Mort,EM_Mort,non-melanized,,31.6,0.316,14,2,0.466666667,0.038356164,
cedar creek,Oak Savanna,CC_savanna,transect_5m,7.921294392,5.565,Oak_1,15,CCSav_308,forest_grassland,mixed,Mel_White,Mix_MW,non-melanized,,25.83333333,0.258333333,14,2,0.466666667,0.038356164,
cedar creek,Oak Savanna,CC_savanna,transect_5m,8.748146731,4.375,Oak_2,16,CCSav_346,forest_grassland,mixed,Mel_White,Mix_MW,non-melanized,,32.4,0.324,14,2,0.466666667,0.038356164,
cedar creek,Oak Savanna,CC_savanna,transect_5m,11.49136151,4.265,Oak_3,17,CCSav_377,forest_grassland,mixed,Mel_White,Mix_MW,non-melanized,,32.8,0.328,14,2,0.466666667,0.038356164,
cedar creek,Oak Savanna,CC_savanna,transect_5m,7.921294392,5.565,Oak_1,15,CCSav_299,forest_grassland,mixed,Mort,Mix_Mort,non-melanized,,21.2,0.212,14,2,0.466666667,0.038356164,
cedar creek,Oak Savanna,CC_savanna,transect_5m,8.748146731,4.375,Oak_2,16,CCSav_340,forest_grassland,mixed,Mort,Mix_Mort,non-melanized,,26,0.26,14,2,0.466666667,0.038356164,
cedar creek,Oak Savanna,CC_savanna,transect_5m,11.49136151,4.265,Oak_3,17,CCSav_358,forest_grassland,mixed,Mort,Mix_Mort,non-melanized,,18.07692308,0.180769231,14,2,0.466666667,0.038356164,
moores creek,Forest,MC_forest,AM_2,2.547871471,NA,2,2,MCFor_402,AM_tree,AM,Mel_Black,AM_MB,melanized ,7/27/17,45.98994494,0.459899449,14,2,0.466666667,0.052830189,
moores creek,Forest,MC_forest,AM_3,8.04566346,NA,3,4,MCFor_409,AM_tree,AM,Mel_Black,AM_MB,melanized ,7/27/17,41.78478106,0.417847811,14,2,0.466666667,0.052830189,
moores creek,Forest,MC_forest,AM_4,NA,NA,4,5,MCFor_421,AM_tree,AM,Mel_Black,AM_MB,melanized ,7/27/17,NA,NA,14,2,0.466666667,0.052830189,hole in lbag
moores creek,Forest,MC_forest,AM_5,9.695610144,NA,5,7,MCFor_432,AM_tree,AM,Mel_Black,AM_MB,melanized ,7/27/17,57.72898906,0.577289891,14,2,0.466666667,0.052830189,
moores creek,Forest,MC_forest,AM_6,8.451010714,NA,6,9,MCFor_444,AM_tree,AM,Mel_Black,AM_MB,melanized ,7/27/17,39.56217298,0.39562173,14,2,0.466666667,0.052830189,
moores creek,Forest,MC_forest,AM_7,9.641434669,NA,7,11,MCFor_457,AM_tree,AM,Mel_Black,AM_MB,melanized ,7/27/17,53.43544176,0.534354418,14,2,0.466666667,0.052830189,
moores creek,Forest,MC_forest,AM_8,8.972430755,NA,8,13,MCFor_467,AM_tree,AM,Mel_Black,AM_MB,melanized ,7/27/17,50.08610568,0.500861057,14,2,0.466666667,0.052830189,
moores creek,Forest,MC_forest,EM_1,5.88332705,NA,1,1,MCFor_391,EM_tree,EM,Mel_Black,EM_MB,melanized ,7/27/17,55.70857055,0.557085705,14,2,0.466666667,0.052830189,
moores creek,Forest,MC_forest,EM_2,6.006227826,NA,2,3,MCFor_403,EM_tree,EM,Mel_Black,EM_MB,melanized ,7/27/17,48.50553071,0.485055307,14,2,0.466666667,0.052830189,
moores creek,Forest,MC_forest,EM_4,7.994160577,NA,4,6,MCFor_420,EM_tree,EM,Mel_Black,EM_MB,melanized ,7/27/17,58.50310875,0.585031087,14,2,0.466666667,0.052830189,
moores creek,Forest,MC_forest,EM_5,5.674933699,NA,5,8,MCFor_433,EM_tree,EM,Mel_Black,EM_MB,melanized ,7/27/17,58.52006657,0.585200666,14,2,0.466666667,0.052830189,
moores creek,Forest,MC_forest,EM_6,8.811572386,NA,6,10,MCFor_445,EM_tree,EM,Mel_Black,EM_MB,melanized ,7/27/17,53.51869982,0.535186998,14,2,0.466666667,0.052830189,
moores creek,Forest,MC_forest,EM_7,5.808594642,NA,7,12,MCFor_456,EM_tree,EM,Mel_Black,EM_MB,melanized ,7/27/17,50.22328549,0.502232855,14,2,0.466666667,0.052830189,
moores creek,Forest,MC_forest,EM_8,9.237023291,NA,8,14,MCFor_468,EM_tree,EM,Mel_Black,EM_MB,melanized ,7/27/17,52.10639484,0.521063948,14,2,0.466666667,0.052830189,
moores creek,Forest,MC_forest,AM_2,2.547871471,NA,2,2,MCFor_396,AM_tree,AM,Mort,AM_Mort,non-melanized,7/27/17,20.08993217,0.200899322,14,2,0.466666667,0.052830189,
moores creek,Forest,MC_forest,AM_3,8.04566346,NA,3,4,MCFor_407,AM_tree,AM,Mort,AM_Mort,non-melanized,7/27/17,25.73049425,0.257304942,14,2,0.466666667,0.052830189,
moores creek,Forest,MC_forest,AM_4,NA,NA,4,5,MCFor_416,AM_tree,AM,Mort,AM_Mort,non-melanized,7/27/17,26.16360228,0.261636023,14,2,0.466666667,0.052830189,
moores creek,Forest,MC_forest,AM_5,9.695610144,NA,5,7,MCFor_429,AM_tree,AM,Mort,AM_Mort,non-melanized,7/27/17,26.9752405,0.269752405,14,2,0.466666667,0.052830189,
moores creek,Forest,MC_forest,AM_6,8.451010714,NA,6,9,MCFor_439,AM_tree,AM,Mort,AM_Mort,non-melanized,7/27/17,14.22580774,0.142258077,14,2,0.466666667,0.052830189,
moores creek,Forest,MC_forest,AM_7,9.641434669,NA,7,11,MCFor_450,AM_tree,AM,Mort,AM_Mort,non-melanized,7/27/17,19.04780595,0.19047806,14,2,0.466666667,0.052830189,
moores creek,Forest,MC_forest,AM_8,8.972430755,NA,8,13,MCFor_460,AM_tree,AM,Mort,AM_Mort,non-melanized,7/27/17,14.40118708,0.144011871,14,2,0.466666667,0.052830189,
moores creek,Forest,MC_forest,EM_1,5.88332705,NA,1,1,MCFor_390,EM_tree,EM,Mort,EM_Mort,non-melanized,7/27/17,32.48963648,0.324896365,14,2,0.466666667,0.052830189,
moores creek,Forest,MC_forest,EM_2,6.006227826,NA,2,3,MCFor_399,EM_tree,EM,Mort,EM_Mort,non-melanized,7/27/17,28.17127769,0.281712777,14,2,0.466666667,0.052830189,
moores creek,Forest,MC_forest,EM_4,7.994160577,NA,4,6,MCFor_415,EM_tree,EM,Mort,EM_Mort,non-melanized,7/27/17,25.18291713,0.251829171,14,2,0.466666667,0.052830189,
moores creek,Forest,MC_forest,EM_5,5.674933699,NA,5,8,MCFor_428,EM_tree,EM,Mort,EM_Mort,non-melanized,7/27/17,24.22097979,0.242209798,14,2,0.466666667,0.052830189,
moores creek,Forest,MC_forest,EM_6,8.811572386,NA,6,10,MCFor_442,EM_tree,EM,Mort,EM_Mort,non-melanized,7/27/17,25.94448577,0.259444858,14,2,0.466666667,0.052830189,
moores creek,Forest,MC_forest,EM_7,5.808594642,NA,7,12,MCFor_447,EM_tree,EM,Mort,EM_Mort,non-melanized,7/27/17,9.020517255,0.090205173,14,2,0.466666667,0.052830189,
moores creek,Forest,MC_forest,EM_8,9.237023291,NA,8,14,MCFor_462,EM_tree,EM,Mort,EM_Mort,non-melanized,7/27/17,19.72986972,0.197298697,14,2,0.466666667,0.052830189,
cedar creek,Prairie,CC_praire1,field_5,NA,NA,1,18,CCP1_5,AM_grass,AM,Ceno,AM_ceno,melanized ,8/8/17,23.33333333,0.233333333,21,3,0.7,0.057534247,
cedar creek,Prairie,CC_praire1,field_5,NA,NA,2,19,CCP1_22,AM_grass,AM,Ceno,AM_ceno,melanized ,8/8/17,26,0.26,21,3,0.7,0.057534247,
cedar creek,Prairie,CC_praire1,field_5,NA,NA,3,20,CCP1_38,AM_grass,AM,Ceno,AM_ceno,melanized ,8/8/17,27.6,0.276,21,3,0.7,0.057534247,
cedar creek,Prairie,CC_praire1,field_5,NA,NA,4,21,CCP1_52,AM_grass,AM,Ceno,AM_ceno,melanized ,8/8/17,24.61538462,0.246153846,21,3,0.7,0.057534247,
cedar creek,Prairie,CC_praire1,field_5,NA,NA,1,18,CCP1_9,EM_forb,EM,Ceno,EM_Ceno,melanized ,8/8/17,28.46153846,0.284615385,21,3,0.7,0.057534247,
cedar creek,Prairie,CC_praire1,field_5,NA,NA,2,19,CCP1_20,EM_forb,EM,Ceno,EM_Ceno,melanized ,8/8/17,21.15384615,0.211538462,21,3,0.7,0.057534247,
cedar creek,Prairie,CC_praire1,field_5,NA,NA,3,20,CCP1_33,EM_forb,EM,Ceno,EM_Ceno,melanized ,8/8/17,16.92307692,0.169230769,21,3,0.7,0.057534247,
cedar creek,Prairie,CC_praire1,field_5,NA,NA,4,21,CCP1_49,EM_forb,EM,Ceno,EM_Ceno,melanized ,8/8/17,22.30769231,0.223076923,21,3,0.7,0.057534247,
cedar creek,Prairie,CC_praire1,field_5,NA,NA,1,18,CCP1_7,AM_grass,AM,Mort,AM_Mort,non-melanized,8/8/17,27.69230769,0.276923077,21,3,0.7,0.057534247,
cedar creek,Prairie,CC_praire1,field_5,NA,NA,2,19,CCP1_26,AM_grass,AM,Mort,AM_Mort,non-melanized,8/8/17,27.6,0.276,21,3,0.7,0.057534247,
cedar creek,Prairie,CC_praire1,field_5,NA,NA,3,20,CCP1_37,AM_grass,AM,Mort,AM_Mort,non-melanized,8/8/17,27.5,0.275,21,3,0.7,0.057534247,
cedar creek,Prairie,CC_praire1,field_5,NA,NA,4,21,CCP1_53,AM_grass,AM,Mort,AM_Mort,non-melanized,8/8/17,24.61538462,0.246153846,21,3,0.7,0.057534247,
cedar creek,Prairie,CC_praire1,field_5,NA,NA,1,18,CCP1_2,EM_forb,EM,Mort,EM_Mort,non-melanized,8/8/17,17.69230769,0.176923077,21,3,0.7,0.057534247,
cedar creek,Prairie,CC_praire1,field_5,NA,NA,2,19,CCP1_21,EM_forb,EM,Mort,EM_Mort,non-melanized,8/8/17,21.6,0.216,21,3,0.7,0.057534247,
cedar creek,Prairie,CC_praire1,field_5,NA,NA,3,20,CCP1_44,EM_forb,EM,Mort,EM_Mort,non-melanized,8/8/17,48.4,0.484,21,3,0.7,0.057534247,
cedar creek,Prairie,CC_praire1,field_5,NA,NA,4,21,CCP1_48,EM_forb,EM,Mort,EM_Mort,non-melanized,8/8/17,21.6,0.216,21,3,0.7,0.057534247,
cedar creek,Oak Savanna,CC_savanna,transect_20m,14.46724863,5.5,Oak_1,15,CCSav_305,AM_grass,AM,Mel_Black,AM_MB,melanized ,,24.44444444,0.244444444,28,4,0.933333333,0.076712329,
cedar creek,Oak Savanna,CC_savanna,transect_20m,13.25310614,5.035,Oak_2,16,CCSav_342,AM_grass,AM,Mel_Black,AM_MB,melanized ,,28.46153846,0.284615385,28,4,0.933333333,0.076712329,
cedar creek,Oak Savanna,CC_savanna,transect_20m,11.73112918,5.215,Oak_3,17,CCSav_378,AM_grass,AM,Mel_Black,AM_MB,melanized ,,32.91666667,0.329166667,28,4,0.933333333,0.076712329,
cedar creek,Oak Savanna,CC_savanna,transect_-10m,8.487875225,4.3,Oak_1,15,CCSav_297,EM_tree,EM,Mel_Black,EM_MB,melanized ,,20.8,0.208,28,4,0.933333333,0.076712329,
cedar creek,Oak Savanna,CC_savanna,transect_-10m,16.04376198,4.67,Oak_2,16,CCSav_339,EM_tree,EM,Mel_Black,EM_MB,melanized ,,23.7037037,0.237037037,28,4,0.933333333,0.076712329,
cedar creek,Oak Savanna,CC_savanna,transect_-10m,13.41496388,4.05,Oak_3,17,CCSav_382,EM_tree,EM,Mel_Black,EM_MB,melanized ,,43.47826087,0.434782609,28,4,0.933333333,0.076712329,
cedar creek,Oak Savanna,CC_savanna,transect_5m,12.23158644,5.565,Oak_1,15,CCSav_302,forest_grassland,mixed,Mel_Black,Mix_MB,melanized ,,23.33333333,0.233333333,28,4,0.933333333,0.076712329,
cedar creek,Oak Savanna,CC_savanna,transect_5m,12.75083693,4.375,Oak_2,16,CCSav_333,forest_grassland,mixed,Mel_Black,Mix_MB,melanized ,,21.53846154,0.215384615,28,4,0.933333333,0.076712329,
cedar creek,Oak Savanna,CC_savanna,transect_5m,12.08803086,4.265,Oak_3,17,CCSav_380,forest_grassland,mixed,Mel_Black,Mix_MB,melanized ,,34.28571429,0.342857143,28,4,0.933333333,0.076712329,
cedar creek,Oak Savanna,CC_savanna,transect_20m,14.46724863,5.5,Oak_1,15,CCSav_298,AM_grass,AM,Mel_White,AM_MW,non-melanized,,20.8,0.208,28,4,0.933333333,0.076712329,
cedar creek,Oak Savanna,CC_savanna,transect_20m,13.25310614,5.035,Oak_2,16,CCSav_316,AM_grass,AM,Mel_White,AM_MW,non-melanized,,12,0.12,28,4,0.933333333,0.076712329,
cedar creek,Oak Savanna,CC_savanna,transect_20m,11.73112918,5.215,Oak_3,17,CCSav_367,AM_grass,AM,Mel_White,AM_MW,non-melanized,,24.58333333,0.245833333,28,4,0.933333333,0.076712329,
cedar creek,Oak Savanna,CC_savanna,transect_20m,14.46724863,5.5,Oak_1,15,CCSav_304,AM_grass,AM,Mort,AM_Mort,non-melanized,,24.4,0.244,28,4,0.933333333,0.076712329,
cedar creek,Oak Savanna,CC_savanna,transect_20m,13.25310614,5.035,Oak_2,16,CCSav_324,AM_grass,AM,Mort,AM_Mort,non-melanized,,18,0.18,28,4,0.933333333,0.076712329,
cedar creek,Oak Savanna,CC_savanna,transect_20m,11.73112918,5.215,Oak_3,17,CCSav_366,AM_grass,AM,Mort,AM_Mort,non-melanized,,23.75,0.2375,28,4,0.933333333,0.076712329,
cedar creek,Oak Savanna,CC_savanna,transect_-10m,8.487875225,4.3,Oak_1,15,CCSav_291,EM_tree,EM,Mel_White,EM_MW,non-melanized,,16.66666667,0.166666667,28,4,0.933333333,0.076712329,
cedar creek,Oak Savanna,CC_savanna,transect_-10m,16.04376198,4.67,Oak_2,16,CCSav_338,EM_tree,EM,Mel_White,EM_MW,non-melanized,,23.6,0.236,28,4,0.933333333,0.076712329,
cedar creek,Oak Savanna,CC_savanna,transect_-10m,13.41496388,4.05,Oak_3,17,CCSav_370,EM_tree,EM,Mel_White,EM_MW,non-melanized,,29.23076923,0.292307692,28,4,0.933333333,0.076712329,
cedar creek,Oak Savanna,CC_savanna,transect_-10m,8.487875225,4.3,Oak_1,15,CCSav_294,EM_tree,EM,Mort,EM_Mort,non-melanized,,18.8,0.188,28,4,0.933333333,0.076712329,
cedar creek,Oak Savanna,CC_savanna,transect_-10m,16.04376198,4.67,Oak_2,16,CCSav_331,EM_tree,EM,Mort,EM_Mort,non-melanized,,20.74074074,0.207407407,28,4,0.933333333,0.076712329,
cedar creek,Oak Savanna,CC_savanna,transect_-10m,13.41496388,4.05,Oak_3,17,CCSav_353,EM_tree,EM,Mort,EM_Mort,non-melanized,,15.76923077,0.157692308,28,4,0.933333333,0.076712329,
cedar creek,Oak Savanna,CC_savanna,transect_5m,12.23158644,5.565,Oak_1,15,CCSav_295,forest_grassland,mixed,Mel_White,Mix_MW,non-melanized,,19.6,0.196,28,4,0.933333333,0.076712329,
cedar creek,Oak Savanna,CC_savanna,transect_5m,12.75083693,4.375,Oak_2,16,CCSav_329,forest_grassland,mixed,Mel_White,Mix_MW,non-melanized,,20.37037037,0.203703704,28,4,0.933333333,0.076712329,
cedar creek,Oak Savanna,CC_savanna,transect_5m,12.08803086,4.265,Oak_3,17,CCSav_371,forest_grassland,mixed,Mel_White,Mix_MW,non-melanized,,30,0.3,28,4,0.933333333,0.076712329,
cedar creek,Oak Savanna,CC_savanna,transect_5m,12.23158644,5.565,Oak_1,15,CCSav_296,forest_grassland,mixed,Mort,Mix_Mort,non-melanized,,20,0.2,28,4,0.933333333,0.076712329,
cedar creek,Oak Savanna,CC_savanna,transect_5m,12.75083693,4.375,Oak_2,16,CCSav_335,forest_grassland,mixed,Mort,Mix_Mort,non-melanized,,22.59259259,0.225925926,28,4,0.933333333,0.076712329,
cedar creek,Oak Savanna,CC_savanna,transect_5m,12.08803086,4.265,Oak_3,17,CCSav_362,forest_grassland,mixed,Mort,Mix_Mort,non-melanized,,21.15384615,0.211538462,28,4,0.933333333,0.076712329,
cedar creek,Prairie,CC_praire1,field_5,NA,NA,1,18,CCP1_3,AM_grass,AM,Ceno,AM_ceno,melanized ,8/17/17,18.8,0.188,30,4.285714286,1,0.082191781,
cedar creek,Prairie,CC_praire1,field_5,NA,NA,2,19,CCP1_18,AM_grass,AM,Ceno,AM_ceno,melanized ,8/17/17,17.69230769,0.176923077,30,4.285714286,1,0.082191781,
cedar creek,Prairie,CC_praire1,field_5,NA,NA,3,20,CCP1_35,AM_grass,AM,Ceno,AM_ceno,melanized ,8/17/17,22.30769231,0.223076923,30,4.285714286,1,0.082191781,
cedar creek,Prairie,CC_praire1,field_5,NA,NA,4,21,CCP1_56,AM_grass,AM,Ceno,AM_ceno,melanized ,8/17/17,30.41666667,0.304166667,30,4.285714286,1,0.082191781,
cedar creek,Prairie,CC_praire1,field_5,NA,NA,1,18,CCP1_4,EM_forb,EM,Ceno,EM_Ceno,melanized ,8/17/17,20.8,0.208,30,4.285714286,1,0.082191781,
cedar creek,Prairie,CC_praire1,field_5,NA,NA,3,20,CCP1_32,EM_forb,EM,Ceno,EM_Ceno,melanized ,8/17/17,15.76923077,0.157692308,30,4.285714286,1,0.082191781,
cedar creek,Prairie,CC_praire1,field_5,NA,NA,4,21,CCP1_50,EM_forb,EM,Ceno,EM_Ceno,melanized ,8/17/17,22.30769231,0.223076923,30,4.285714286,1,0.082191781,
cedar creek,Prairie,CC_praire1,field_5,NA,NA,2,19,CCP1_24,AM_grass,AM,Ceno,AM_Ceno,melanized ,8/17/17,26.15384615,0.261538462,30,4.285714286,1,0.082191781,
cedar creek,Prairie,CC_praire1,field_5,NA,NA,2,19,CCP1_19,EM_forb,EM,Ceno,EM_Ceno,melanized ,8/17/17,18,0.18,30,4.285714286,1,0.082191781,
moores creek,Forest,MC_forest,AM_2,5,5.94,2,2,MCFor_401,AM_tree,AM,Mel_Black,AM_MB,melanized ,8/14/17,32.52026061,0.325202606,31,4.428571429,1.033333333,0.116981132,
moores creek,Forest,MC_forest,AM_3,4.466666667,5.45,3,4,MCFor_408,AM_tree,AM,Mel_Black,AM_MB,melanized ,8/14/17,32.47968103,0.32479681,31,4.428571429,1.033333333,0.116981132,
moores creek,Forest,MC_forest,AM_4,12.2,4.59,4,5,MCFor_418,AM_tree,AM,Mel_Black,AM_MB,melanized ,8/14/17,30.38280307,0.303828031,31,4.428571429,1.033333333,0.116981132,
moores creek,Forest,MC_forest,AM_5,8.2,4.27,5,7,MCFor_430,AM_tree,AM,Mel_Black,AM_MB,melanized ,8/14/17,39.86265023,0.398626502,31,4.428571429,1.033333333,0.116981132,
moores creek,Forest,MC_forest,AM_6,7.1,5.39,6,9,MCFor_441,AM_tree,AM,Mel_Black,AM_MB,melanized ,8/14/17,22.16107064,0.221610706,31,4.428571429,1.033333333,0.116981132,
moores creek,Forest,MC_forest,AM_7,8.166666667,4.4,7,11,MCFor_455,AM_tree,AM,Mel_Black,AM_MB,melanized ,8/14/17,44.02582997,0.4402583,31,4.428571429,1.033333333,0.116981132,
moores creek,Forest,MC_forest,AM_8,9.966666667,3.94,8,13,MCFor_465,AM_tree,AM,Mel_Black,AM_MB,melanized ,8/14/17,26.80155642,0.268015564,31,4.428571429,1.033333333,0.116981132,
moores creek,Forest,MC_forest,EM_1,2.833333333,3.45,1,1,MCFor_389,EM_tree,EM,Mel_Black,EM_MB,melanized ,8/14/17,29.83614196,0.29836142,31,4.428571429,1.033333333,0.116981132,
moores creek,Forest,MC_forest,EM_2,1.833333333,3.4,2,3,MCFor_400,EM_tree,EM,Mel_Black,EM_MB,melanized ,8/14/17,32.38781862,0.323878186,31,4.428571429,1.033333333,0.116981132,
moores creek,Forest,MC_forest,EM_4,2.833333333,3.48,4,6,MCFor_419,EM_tree,EM,Mel_Black,EM_MB,melanized ,8/14/17,35.63343576,0.356334358,31,4.428571429,1.033333333,0.116981132,
moores creek,Forest,MC_forest,EM_5,3,3.55,5,8,MCFor_431,EM_tree,EM,Mel_Black,EM_MB,melanized ,8/14/17,40.20968239,0.402096824,31,4.428571429,1.033333333,0.116981132,
moores creek,Forest,MC_forest,EM_6,6,3.38,6,10,MCFor_443,EM_tree,EM,Mel_Black,EM_MB,melanized ,8/14/17,29.27225597,0.29272256,31,4.428571429,1.033333333,0.116981132,
moores creek,Forest,MC_forest,EM_7,2.233333333,3.52,7,12,MCFor_454,EM_tree,EM,Mel_Black,EM_MB,melanized ,8/14/17,40.28454047,0.402845405,31,4.428571429,1.033333333,0.116981132,
moores creek,Forest,MC_forest,EM_8,4.533333333,3.13,8,14,MCFor_466,EM_tree,EM,Mel_Black,EM_MB,melanized ,8/14/17,31.87994166,0.318799417,31,4.428571429,1.033333333,0.116981132,
moores creek,Forest,MC_forest,AM_2,5,5.94,2,2,MCFor_394,AM_tree,AM,Mort,AM_Mort,non-melanized,8/14/17,18.16646373,0.181664637,31,4.428571429,1.033333333,0.116981132,
moores creek,Forest,MC_forest,AM_3,4.466666667,5.45,3,4,MCFor_406,AM_tree,AM,Mort,AM_Mort,non-melanized,8/14/17,13.09216193,0.130921619,31,4.428571429,1.033333333,0.116981132,
moores creek,Forest,MC_forest,AM_4,12.2,4.59,4,5,MCFor_413,AM_tree,AM,Mort,AM_Mort,non-melanized,8/14/17,18.1007597,0.181007597,31,4.428571429,1.033333333,0.116981132,
moores creek,Forest,MC_forest,AM_5,8.2,4.27,5,7,MCFor_427,AM_tree,AM,Mort,AM_Mort,non-melanized,8/14/17,21.61866294,0.216186629,31,4.428571429,1.033333333,0.116981132,
moores creek,Forest,MC_forest,AM_6,7.1,5.39,6,9,MCFor_434,AM_tree,AM,Mort,AM_Mort,non-melanized,8/14/17,6.290916134,0.062909161,31,4.428571429,1.033333333,0.116981132,
moores creek,Forest,MC_forest,AM_7,8.166666667,4.4,7,11,MCFor_448,AM_tree,AM,Mort,AM_Mort,non-melanized,8/14/17,13.15936478,0.131593648,31,4.428571429,1.033333333,0.116981132,
moores creek,Forest,MC_forest,AM_8,9.966666667,3.94,8,13,MCFor_459,AM_tree,AM,Mort,AM_Mort,non-melanized,8/14/17,13.77910448,0.137791045,31,4.428571429,1.033333333,0.116981132,
moores creek,Forest,MC_forest,EM_1,2.833333333,3.45,1,1,MCFor_387,EM_tree,EM,Mort,EM_Mort,non-melanized,8/14/17,17.85387583,0.178538758,31,4.428571429,1.033333333,0.116981132,
moores creek,Forest,MC_forest,EM_2,1.833333333,3.4,2,3,MCFor_393,EM_tree,EM,Mort,EM_Mort,non-melanized,8/14/17,18.13816605,0.18138166,31,4.428571429,1.033333333,0.116981132,
moores creek,Forest,MC_forest,EM_4,2.833333333,3.48,4,6,MCFor_414,EM_tree,EM,Mort,EM_Mort,non-melanized,8/14/17,24.85767746,0.248576775,31,4.428571429,1.033333333,0.116981132,
moores creek,Forest,MC_forest,EM_5,3,3.55,5,8,MCFor_423,EM_tree,EM,Mort,EM_Mort,non-melanized,8/14/17,17.31989258,0.173198926,31,4.428571429,1.033333333,0.116981132,
moores creek,Forest,MC_forest,EM_6,6,3.38,6,10,MCFor_437,EM_tree,EM,Mort,EM_Mort,non-melanized,8/14/17,12.17923411,0.121792341,31,4.428571429,1.033333333,0.116981132,
moores creek,Forest,MC_forest,EM_7,2.233333333,3.52,7,12,MCFor_449,EM_tree,EM,Mort,EM_Mort,non-melanized,8/14/17,17.86849462,0.178684946,31,4.428571429,1.033333333,0.116981132,
moores creek,Forest,MC_forest,EM_8,4.533333333,3.13,8,14,MCFor_458,EM_tree,EM,Mort,EM_Mort,non-melanized,8/14/17,13.05627361,0.130562736,31,4.428571429,1.033333333,0.116981132,
cedar creek,Prairie,CC_praire2,field_0,NA,NA,1,22, CCP2_80,AM_grass,AM,Ceno,AM_ceno,melanized ,9/21/17,NA,NA,34,4.857142857,1.133333333,0.093150685,not recovered
cedar creek,Prairie,CC_praire2,field_5,NA,NA,1,23, CCP2_86,AM_grass,AM,Ceno,AM_ceno,melanized ,9/21/17,NA,NA,34,4.857142857,1.133333333,0.093150685,not recovered
cedar creek,Prairie,CC_praire2,field_80,NA,NA,1,24, CCP2_92,AM_grass,AM,Ceno,AM_ceno,melanized ,9/21/17,NA,NA,34,4.857142857,1.133333333,0.093150685,not recovered
cedar creek,Prairie,CC_praire2,field_0,NA,NA,2,25, CCP2_116,AM_grass,AM,Ceno,AM_ceno,melanized ,9/21/17,NA,NA,34,4.857142857,1.133333333,0.093150685,not recovered
cedar creek,Prairie,CC_praire2,field_5,NA,NA,2,26, CCP2_122,AM_grass,AM,Ceno,AM_ceno,melanized ,9/21/17,NA,NA,34,4.857142857,1.133333333,0.093150685,not recovered
cedar creek,Prairie,CC_praire2,field_80,NA,NA,2,27, CCP2_128,AM_grass,AM,Ceno,AM_ceno,melanized ,9/21/17,NA,NA,34,4.857142857,1.133333333,0.093150685,not recovered
cedar creek,Prairie,CC_praire2,field_80,NA,NA,3,30, CCP2_144,AM_grass,AM,Ceno,AM_ceno,melanized ,9/21/17,35.15625,0.3515625,34,4.857142857,1.133333333,0.093150685,
cedar creek,Prairie,CC_praire2,field_0,NA,NA,3,28, CCP2_152,AM_grass,AM,Ceno,AM_ceno,melanized ,9/21/17,NA,NA,34,4.857142857,1.133333333,0.093150685,not recovered
cedar creek,Prairie,CC_praire2,field_5,NA,NA,3,29, CCP2_158,AM_grass,AM,Ceno,AM_ceno,melanized ,9/21/17,NA,NA,34,4.857142857,1.133333333,0.093150685,not recovered
cedar creek,Prairie,CC_praire2,field_5,NA,NA,4,32, CCP2_172,AM_grass,AM,Ceno,AM_ceno,melanized ,9/21/17,22.60536398,0.22605364,34,4.857142857,1.133333333,0.093150685,
cedar creek,Prairie,CC_praire2,field_0,NA,NA,4,31, CCP2_187,AM_grass,AM,Ceno,AM_ceno,melanized ,9/21/17,NA,NA,34,4.857142857,1.133333333,0.093150685,not recovered
cedar creek,Prairie,CC_praire2,field_80,NA,NA,4,33, CCP2_199,AM_grass,AM,Ceno,AM_ceno,melanized ,9/21/17,NA,NA,34,4.857142857,1.133333333,0.093150685,not recovered
cedar creek,Prairie,CC_praire2,field_80,NA,NA,5,36, CCP2_206,AM_grass,AM,Ceno,AM_ceno,melanized ,9/21/17,9.652509653,0.096525097,34,4.857142857,1.133333333,0.093150685,
cedar creek,Prairie,CC_praire2,field_5,NA,NA,5,35, CCP2_208,AM_grass,AM,Ceno,AM_ceno,melanized ,9/21/17,17.05426357,0.170542636,34,4.857142857,1.133333333,0.093150685,
cedar creek,Prairie,CC_praire2,field_0,NA,NA,5,34, CCP2_224,AM_grass,AM,Ceno,AM_ceno,melanized ,9/21/17,NA,NA,34,4.857142857,1.133333333,0.093150685,not recovered
cedar creek,Prairie,CC_praire2,field_80,NA,NA,6,39, CCP2_242,AM_grass,AM,Ceno,AM_ceno,melanized ,9/21/17,11.50793651,0.115079365,34,4.857142857,1.133333333,0.093150685,
cedar creek,Prairie,CC_praire2,field_5,NA,NA,6,38, CCP2_244,AM_grass,AM,Ceno,AM_ceno,melanized ,9/21/17,18.50393701,0.18503937,34,4.857142857,1.133333333,0.093150685,
cedar creek,Prairie,CC_praire2,field_0,NA,NA,6,37, CCP2_257,AM_grass,AM,Ceno,AM_ceno,melanized ,9/21/17,NA,NA,34,4.857142857,1.133333333,0.093150685,not recovered
cedar creek,Prairie,CC_praire2,field_0,NA,NA,1,22, CCP2_82,AM_grass,AM,Mel_Black,AM_MB,melanized ,9/21/17,NA,NA,34,4.857142857,1.133333333,0.093150685,not recovered
cedar creek,Prairie,CC_praire2,field_5,NA,NA,1,23, CCP2_88,AM_grass,AM,Mel_Black,AM_MB,melanized ,9/21/17,NA,NA,34,4.857142857,1.133333333,0.093150685,not recovered
cedar creek,Prairie,CC_praire2,field_80,NA,NA,1,24, CCP2_94,AM_grass,AM,Mel_Black,AM_MB,melanized ,9/21/17,NA,NA,34,4.857142857,1.133333333,0.093150685,not recovered
cedar creek,Prairie,CC_praire2,field_0,NA,NA,2,25, CCP2_118,AM_grass,AM,Mel_Black,AM_MB,melanized ,9/21/17,NA,NA,34,4.857142857,1.133333333,0.093150685,not recovered
cedar creek,Prairie,CC_praire2,field_5,NA,NA,2,26, CCP2_124,AM_grass,AM,Mel_Black,AM_MB,melanized ,9/21/17,NA,NA,34,4.857142857,1.133333333,0.093150685,not recovered
cedar creek,Prairie,CC_praire2,field_80,NA,NA,2,27, CCP2_130,AM_grass,AM,Mel_Black,AM_MB,melanized ,9/21/17,NA,NA,34,4.857142857,1.133333333,0.093150685,not recovered
cedar creek,Prairie,CC_praire2,field_80,NA,NA,3,30, CCP2_137,AM_grass,AM,Mel_Black,AM_MB,melanized ,9/21/17,25.20325203,0.25203252,34,4.857142857,1.133333333,0.093150685,
cedar creek,Prairie,CC_praire2,field_0,NA,NA,3,28, CCP2_154,AM_grass,AM,Mel_Black,AM_MB,melanized ,9/21/17,NA,NA,34,4.857142857,1.133333333,0.093150685,not recovered
cedar creek,Prairie,CC_praire2,field_5,NA,NA,3,29, CCP2_160,AM_grass,AM,Mel_Black,AM_MB,melanized ,9/21/17,NA,NA,34,4.857142857,1.133333333,0.093150685,not recovered
cedar creek,Prairie,CC_praire2,field_5,NA,NA,4,32, CCP2_178,AM_grass,AM,Mel_Black,AM_MB,melanized ,9/21/17,33.84615385,0.338461538,34,4.857142857,1.133333333,0.093150685,
cedar creek,Prairie,CC_praire2,field_0,NA,NA,4,31, CCP2_189,AM_grass,AM,Mel_Black,AM_MB,melanized ,9/21/17,NA,NA,34,4.857142857,1.133333333,0.093150685,not recovered
cedar creek,Prairie,CC_praire2,field_80,NA,NA,4,33, CCP2_202,AM_grass,AM,Mel_Black,AM_MB,melanized ,9/21/17,NA,NA,34,4.857142857,1.133333333,0.093150685,not recovered
cedar creek,Prairie,CC_praire2,field_5,NA,NA,5,35, CCP2_212,AM_grass,AM,Mel_Black,AM_MB,melanized ,9/21/17,24.80620155,0.248062016,34,4.857142857,1.133333333,0.093150685,
cedar creek,Prairie,CC_praire2,field_80,NA,NA,5,36, CCP2_221,AM_grass,AM,Mel_Black,AM_MB,melanized ,9/21/17,42.08494208,0.420849421,34,4.857142857,1.133333333,0.093150685,
cedar creek,Prairie,CC_praire2,field_0,NA,NA,5,34, CCP2_226,AM_grass,AM,Mel_Black,AM_MB,melanized ,9/21/17,NA,NA,34,4.857142857,1.133333333,0.093150685,not recovered
cedar creek,Prairie,CC_praire2,field_5,NA,NA,6,38, CCP2_250,AM_grass,AM,Mel_Black,AM_MB,melanized ,9/21/17,34.765625,0.34765625,34,4.857142857,1.133333333,0.093150685,
cedar creek,Prairie,CC_praire2,field_80,NA,NA,6,39, CCP2_252,AM_grass,AM,Mel_Black,AM_MB,melanized ,9/21/17,41.12903226,0.411290323,34,4.857142857,1.133333333,0.093150685,
cedar creek,Prairie,CC_praire2,field_0,NA,NA,6,37, CCP2_259,AM_grass,AM,Mel_Black,AM_MB,melanized ,9/21/17,NA,NA,34,4.857142857,1.133333333,0.093150685,not recovered
cedar creek,Prairie,CC_praire2,field_0,NA,NA,1,22, CCP2_81,EM_forb,EM,Ceno,EM_Ceno,melanized ,9/21/17,NA,NA,34,4.857142857,1.133333333,0.093150685,not recovered
cedar creek,Prairie,CC_praire2,field_5,NA,NA,1,23, CCP2_87,EM_forb,EM,Ceno,EM_Ceno,melanized ,9/21/17,NA,NA,34,4.857142857,1.133333333,0.093150685,not recovered
cedar creek,Prairie,CC_praire2,field_80,NA,NA,1,24, CCP2_93,EM_forb,EM,Ceno,EM_Ceno,melanized ,9/21/17,NA,NA,34,4.857142857,1.133333333,0.093150685,not recovered
cedar creek,Prairie,CC_praire2,field_0,NA,NA,2,25, CCP2_117,EM_forb,EM,Ceno,EM_Ceno,melanized ,9/21/17,NA,NA,34,4.857142857,1.133333333,0.093150685,not recovered
cedar creek,Prairie,CC_praire2,field_5,NA,NA,2,26, CCP2_123,EM_forb,EM,Ceno,EM_Ceno,melanized ,9/21/17,NA,NA,34,4.857142857,1.133333333,0.093150685,not recovered
cedar creek,Prairie,CC_praire2,field_80,NA,NA,2,27, CCP2_129,EM_forb,EM,Ceno,EM_Ceno,melanized ,9/21/17,NA,NA,34,4.857142857,1.133333333,0.093150685,not recovered
cedar creek,Prairie,CC_praire2,field_80,NA,NA,3,30, CCP2_134,EM_forb,EM,Ceno,EM_Ceno,melanized ,9/21/17,3.088803089,0.030888031,34,4.857142857,1.133333333,0.093150685,
cedar creek,Prairie,CC_praire2,field_0,NA,NA,3,28, CCP2_153,EM_forb,EM,Ceno,EM_Ceno,melanized ,9/21/17,NA,NA,34,4.857142857,1.133333333,0.093150685,not recovered
cedar creek,Prairie,CC_praire2,field_5,NA,NA,3,29, CCP2_159,EM_forb,EM,Ceno,EM_Ceno,melanized ,9/21/17,NA,NA,34,4.857142857,1.133333333,0.093150685,not recovered
cedar creek,Prairie,CC_praire2,field_5,NA,NA,4,32, CCP2_171,EM_forb,EM,Ceno,EM_Ceno,melanized ,9/21/17,22.39382239,0.223938224,34,4.857142857,1.133333333,0.093150685,
cedar creek,Prairie,CC_praire2,field_0,NA,NA,4,31, CCP2_188,EM_forb,EM,Ceno,EM_Ceno,melanized ,9/21/17,NA,NA,34,4.857142857,1.133333333,0.093150685,not recovered
cedar creek,Prairie,CC_praire2,field_80,NA,NA,4,33, CCP2_200,EM_forb,EM,Ceno,EM_Ceno,melanized ,9/21/17,NA,NA,34,4.857142857,1.133333333,0.093150685,not recovered
cedar creek,Prairie,CC_praire2,field_5,NA,NA,5,35, CCP2_207,EM_forb,EM,Ceno,EM_Ceno,melanized ,9/21/17,13.2,0.132,34,4.857142857,1.133333333,0.093150685,
cedar creek,Prairie,CC_praire2,field_80,NA,NA,5,36, CCP2_210,EM_forb,EM,Ceno,EM_Ceno,melanized ,9/21/17,22.56809339,0.225680934,34,4.857142857,1.133333333,0.093150685,
cedar creek,Prairie,CC_praire2,field_0,NA,NA,5,34, CCP2_225,EM_forb,EM,Ceno,EM_Ceno,melanized ,9/21/17,NA,NA,34,4.857142857,1.133333333,0.093150685,not recovered
cedar creek,Prairie,CC_praire2,field_5,NA,NA,6,38, CCP2_245,EM_forb,EM,Ceno,EM_Ceno,melanized ,9/21/17,19.84126984,0.198412698,34,4.857142857,1.133333333,0.093150685,
cedar creek,Prairie,CC_praire2,field_0,NA,NA,6,37, CCP2_258,EM_forb,EM,Ceno,EM_Ceno,melanized ,9/21/17,NA,NA,34,4.857142857,1.133333333,0.093150685,not recovered
cedar creek,Prairie,CC_praire2,field_80,NA,NA,6,39, CCP2_271,EM_forb,EM,Ceno,EM_Ceno,melanized ,9/21/17,NA,NA,34,4.857142857,1.133333333,0.093150685,not recovered
cedar creek,Prairie,CC_praire2,field_0,NA,NA,1,22, CCP2_83,EM_forb,EM,Mel_Black,EM_MB,melanized ,9/21/17,NA,NA,34,4.857142857,1.133333333,0.093150685,not recovered
cedar creek,Prairie,CC_praire2,field_5,NA,NA,1,23, CCP2_89,EM_forb,EM,Mel_Black,EM_MB,melanized ,9/21/17,NA,NA,34,4.857142857,1.133333333,0.093150685,not recovered
cedar creek,Prairie,CC_praire2,field_80,NA,NA,1,24, CCP2_95,EM_forb,EM,Mel_Black,EM_MB,melanized ,9/21/17,NA,NA,34,4.857142857,1.133333333,0.093150685,not recovered
cedar creek,Prairie,CC_praire2,field_0,NA,NA,2,25, CCP2_119,EM_forb,EM,Mel_Black,EM_MB,melanized ,9/21/17,NA,NA,34,4.857142857,1.133333333,0.093150685,not recovered
cedar creek,Prairie,CC_praire2,field_5,NA,NA,2,26, CCP2_125,EM_forb,EM,Mel_Black,EM_MB,melanized ,9/21/17,NA,NA,34,4.857142857,1.133333333,0.093150685,not recovered
cedar creek,Prairie,CC_praire2,field_80,NA,NA,2,27, CCP2_131,EM_forb,EM,Mel_Black,EM_MB,melanized ,9/21/17,NA,NA,34,4.857142857,1.133333333,0.093150685,not recovered
cedar creek,Prairie,CC_praire2,field_80,NA,NA,3,30, CCP2_141,EM_forb,EM,Mel_Black,EM_MB,melanized ,9/21/17,30.76923077,0.307692308,34,4.857142857,1.133333333,0.093150685,
cedar creek,Prairie,CC_praire2,field_0,NA,NA,3,28, CCP2_155,EM_forb,EM,Mel_Black,EM_MB,melanized ,9/21/17,NA,NA,34,4.857142857,1.133333333,0.093150685,not recovered
cedar creek,Prairie,CC_praire2,field_5,NA,NA,3,29, CCP2_161,EM_forb,EM,Mel_Black,EM_MB,melanized ,9/21/17,NA,NA,34,4.857142857,1.133333333,0.093150685,not recovered
cedar creek,Prairie,CC_praire2,field_5,NA,NA,4,32, CCP2_181,EM_forb,EM,Mel_Black,EM_MB,melanized ,9/21/17,44.921875,0.44921875,34,4.857142857,1.133333333,0.093150685,
cedar creek,Prairie,CC_praire2,field_0,NA,NA,4,31, CCP2_190,EM_forb,EM,Mel_Black,EM_MB,melanized ,9/21/17,NA,NA,34,4.857142857,1.133333333,0.093150685,not recovered
cedar creek,Prairie,CC_praire2,field_80,NA,NA,4,33, CCP2_203,EM_forb,EM,Mel_Black,EM_MB,melanized ,9/21/17,NA,NA,34,4.857142857,1.133333333,0.093150685,not recovered
cedar creek,Prairie,CC_praire2,field_80,NA,NA,5,36, CCP2_213,EM_forb,EM,Mel_Black,EM_MB,melanized ,9/21/17,25.57251908,0.255725191,34,4.857142857,1.133333333,0.093150685,
cedar creek,Prairie,CC_praire2,field_5,NA,NA,5,35, CCP2_216,EM_forb,EM,Mel_Black,EM_MB,melanized ,9/21/17,30.5019305,0.305019305,34,4.857142857,1.133333333,0.093150685,
cedar creek,Prairie,CC_praire2,field_0,NA,NA,5,34, CCP2_227,EM_forb,EM,Mel_Black,EM_MB,melanized ,9/21/17,NA,NA,34,4.857142857,1.133333333,0.093150685,not recovered
cedar creek,Prairie,CC_praire2,field_5,NA,NA,6,38, CCP2_253,EM_forb,EM,Mel_Black,EM_MB,melanized ,9/21/17,43.51145038,0.435114504,34,4.857142857,1.133333333,0.093150685,
cedar creek,Prairie,CC_praire2,field_0,NA,NA,6,37, CCP2_260,EM_forb,EM,Mel_Black,EM_MB,melanized ,9/21/17,NA,NA,34,4.857142857,1.133333333,0.093150685,not recovered
cedar creek,Prairie,CC_praire2,field_80,NA,NA,6,39, CCP2_274,EM_forb,EM,Mel_Black,EM_MB,melanized ,9/21/17,NA,NA,34,4.857142857,1.133333333,0.093150685,not recovered
cedar creek,Prairie,CC_praire2,field_0,NA,NA,1,22, CCP2_84,AM_grass,AM,Mort,AM_Mort,non-melanized,9/21/17,NA,NA,34,4.857142857,1.133333333,0.093150685,not recovered
cedar creek,Prairie,CC_praire2,field_5,NA,NA,1,23, CCP2_90,AM_grass,AM,Mort,AM_Mort,non-melanized,9/21/17,NA,NA,34,4.857142857,1.133333333,0.093150685,not recovered
cedar creek,Prairie,CC_praire2,field_80,NA,NA,1,24, CCP2_96,AM_grass,AM,Mort,AM_Mort,non-melanized,9/21/17,NA,NA,34,4.857142857,1.133333333,0.093150685,not recovered
cedar creek,Prairie,CC_praire2,field_0,NA,NA,2,25, CCP2_120,AM_grass,AM,Mort,AM_Mort,non-melanized,9/21/17,NA,NA,34,4.857142857,1.133333333,0.093150685,not recovered
cedar creek,Prairie,CC_praire2,field_5,NA,NA,2,26, CCP2_126,AM_grass,AM,Mort,AM_Mort,non-melanized,9/21/17,NA,NA,34,4.857142857,1.133333333,0.093150685,not recovered
cedar creek,Prairie,CC_praire2,field_80,NA,NA,2,27, CCP2_132,AM_grass,AM,Mort,AM_Mort,non-melanized,9/21/17,NA,NA,34,4.857142857,1.133333333,0.093150685,not recovered
cedar creek,Prairie,CC_praire2,field_80,NA,NA,3,30, CCP2_139,AM_grass,AM,Mort,AM_Mort,non-melanized,9/21/17,25.86872587,0.258687259,34,4.857142857,1.133333333,0.093150685,
cedar creek,Prairie,CC_praire2,field_0,NA,NA,3,28, CCP2_156,AM_grass,AM,Mort,AM_Mort,non-melanized,9/21/17,NA,NA,34,4.857142857,1.133333333,0.093150685,not recovered
cedar creek,Prairie,CC_praire2,field_5,NA,NA,3,29, CCP2_162,AM_grass,AM,Mort,AM_Mort,non-melanized,9/21/17,NA,NA,34,4.857142857,1.133333333,0.093150685,not recovered
cedar creek,Prairie,CC_praire2,field_5,NA,NA,4,32, CCP2_173,AM_grass,AM,Mort,AM_Mort,non-melanized,9/21/17,23.4375,0.234375,34,4.857142857,1.133333333,0.093150685,
cedar creek,Prairie,CC_praire2,field_0,NA,NA,4,31, CCP2_191,AM_grass,AM,Mort,AM_Mort,non-melanized,9/21/17,NA,NA,34,4.857142857,1.133333333,0.093150685,not recovered
cedar creek,Prairie,CC_praire2,field_80,NA,NA,4,33, CCP2_204,AM_grass,AM,Mort,AM_Mort,non-melanized,9/21/17,NA,NA,34,4.857142857,1.133333333,0.093150685,not recovered
cedar creek,Prairie,CC_praire2,field_80,NA,NA,5,36, CCP2_217,AM_grass,AM,Mort,AM_Mort,non-melanized,9/21/17,31.27413127,0.312741313,34,4.857142857,1.133333333,0.093150685,
cedar creek,Prairie,CC_praire2,field_5,NA,NA,5,35, CCP2_218,AM_grass,AM,Mort,AM_Mort,non-melanized,9/21/17,32.93172691,0.329317269,34,4.857142857,1.133333333,0.093150685,
cedar creek,Prairie,CC_praire2,field_0,NA,NA,5,34, CCP2_228,AM_grass,AM,Mort,AM_Mort,non-melanized,9/21/17,NA,NA,34,4.857142857,1.133333333,0.093150685,not recovered
cedar creek,Prairie,CC_praire2,field_5,NA,NA,6,38, CCP2_246,AM_grass,AM,Mort,AM_Mort,non-melanized,9/21/17,20.54263566,0.205426357,34,4.857142857,1.133333333,0.093150685,
cedar creek,Prairie,CC_praire2,field_80,NA,NA,6,39, CCP2_247,AM_grass,AM,Mort,AM_Mort,non-melanized,9/21/17,24.61538462,0.246153846,34,4.857142857,1.133333333,0.093150685,
cedar creek,Prairie,CC_praire2,field_0,NA,NA,6,37, CCP2_261,AM_grass,AM,Mort,AM_Mort,non-melanized,9/21/17,NA,NA,34,4.857142857,1.133333333,0.093150685,not recovered
cedar creek,Prairie,CC_praire2,field_0,NA,NA,1,22, CCP2_85,EM_forb,EM,Mort,EM_Mort,non-melanized,9/21/17,NA,NA,34,4.857142857,1.133333333,0.093150685,not recovered
cedar creek,Prairie,CC_praire2,field_5,NA,NA,1,23, CCP2_91,EM_forb,EM,Mort,EM_Mort,non-melanized,9/21/17,NA,NA,34,4.857142857,1.133333333,0.093150685,not recovered
cedar creek,Prairie,CC_praire2,field_80,NA,NA,1,24, CCP2_97,EM_forb,EM,Mort,EM_Mort,non-melanized,9/21/17,NA,NA,34,4.857142857,1.133333333,0.093150685,not recovered
cedar creek,Prairie,CC_praire2,field_0,NA,NA,2,25, CCP2_121,EM_forb,EM,Mort,EM_Mort,non-melanized,9/21/17,NA,NA,34,4.857142857,1.133333333,0.093150685,not recovered
cedar creek,Prairie,CC_praire2,field_5,NA,NA,2,26, CCP2_127,EM_forb,EM,Mort,EM_Mort,non-melanized,9/21/17,NA,NA,34,4.857142857,1.133333333,0.093150685,not recovered
cedar creek,Prairie,CC_praire2,field_80,NA,NA,2,27, CCP2_133,EM_forb,EM,Mort,EM_Mort,non-melanized,9/21/17,NA,NA,34,4.857142857,1.133333333,0.093150685,not recovered
cedar creek,Prairie,CC_praire2,field_80,NA,NA,3,30, CCP2_138,EM_forb,EM,Mort,EM_Mort,non-melanized,9/21/17,25.698413,0.25698413,34,4.857142857,1.133333333,0.093150685,
cedar creek,Prairie,CC_praire2,field_0,NA,NA,3,28, CCP2_157,EM_forb,EM,Mort,EM_Mort,non-melanized,9/21/17,NA,NA,34,4.857142857,1.133333333,0.093150685,not recovered
cedar creek,Prairie,CC_praire2,field_5,NA,NA,3,29, CCP2_163,EM_forb,EM,Mort,EM_Mort,non-melanized,9/21/17,NA,NA,34,4.857142857,1.133333333,0.093150685,not recovered
cedar creek,Prairie,CC_praire2,field_5,NA,NA,4,32, CCP2_177,EM_forb,EM,Mort,EM_Mort,non-melanized,9/21/17,31.49606299,0.31496063,34,4.857142857,1.133333333,0.093150685,
cedar creek,Prairie,CC_praire2,field_0,NA,NA,4,31, CCP2_192,EM_forb,EM,Mort,EM_Mort,non-melanized,9/21/17,NA,NA,34,4.857142857,1.133333333,0.093150685,not recovered
cedar creek,Prairie,CC_praire2,field_80,NA,NA,4,33, CCP2_205,EM_forb,EM,Mort,EM_Mort,non-melanized,9/21/17,NA,NA,34,4.857142857,1.133333333,0.093150685,not recovered
cedar creek,Prairie,CC_praire2,field_5,NA,NA,5,35, CCP2_211,EM_forb,EM,Mort,EM_Mort,non-melanized,9/21/17,23.46153846,0.234615385,34,4.857142857,1.133333333,0.093150685,
cedar creek,Prairie,CC_praire2,field_80,NA,NA,5,36, CCP2_214,EM_forb,EM,Mort,EM_Mort,non-melanized,9/21/17,26.953125,0.26953125,34,4.857142857,1.133333333,0.093150685,
cedar creek,Prairie,CC_praire2,field_0,NA,NA,5,34, CCP2_229,EM_forb,EM,Mort,EM_Mort,non-melanized,9/21/17,NA,NA,34,4.857142857,1.133333333,0.093150685,not recovered
cedar creek,Prairie,CC_praire2,field_5,NA,NA,6,38, CCP2_248,EM_forb,EM,Mort,EM_Mort,non-melanized,9/21/17,29.08366534,0.290836653,34,4.857142857,1.133333333,0.093150685,
cedar creek,Prairie,CC_praire2,field_0,NA,NA,6,37, CCP2_262,EM_forb,EM,Mort,EM_Mort,non-melanized,9/21/17,NA,NA,34,4.857142857,1.133333333,0.093150685,not recovered
cedar creek,Prairie,CC_praire2,field_80,NA,NA,6,39, CCP2_277,EM_forb,EM,Mort,EM_Mort,non-melanized,9/21/17,NA,NA,34,4.857142857,1.133333333,0.093150685,not recovered
cedar creek,Oak Savanna,CC_savanna,transect_20m,12.20344176,5.5,Oak_1,15,CCSav_288,AM_grass,AM,Mel_Black,AM_MB,melanized ,,14.7826087,0.147826087,42,6,1.4,0.115068493,
cedar creek,Oak Savanna,CC_savanna,transect_20m,11.92370218,5.035,Oak_2,16,CCSav_327,AM_grass,AM,Mel_Black,AM_MB,melanized ,,19.62962963,0.196296296,42,6,1.4,0.115068493,
cedar creek,Oak Savanna,CC_savanna,transect_20m,8.597276914,5.215,Oak_3,17,CCSav_373,AM_grass,AM,Mel_Black,AM_MB,melanized ,,30.41666667,0.304166667,42,6,1.4,0.115068493,
cedar creek,Oak Savanna,CC_savanna,transect_-10m,12.15317725,4.3,Oak_1,15,CCSav_300,EM_tree,EM,Mel_Black,EM_MB,melanized ,,21.92307692,0.219230769,42,6,1.4,0.115068493,
cedar creek,Oak Savanna,CC_savanna,transect_-10m,10.21297365,4.67,Oak_2,16,CCSav_326,EM_tree,EM,Mel_Black,EM_MB,melanized ,,19.61538462,0.196153846,42,6,1.4,0.115068493,
cedar creek,Oak Savanna,CC_savanna,transect_-10m,12.75749373,4.05,Oak_3,17,CCSav_381,EM_tree,EM,Mel_Black,EM_MB,melanized ,,35.83333333,0.358333333,42,6,1.4,0.115068493,
cedar creek,Oak Savanna,CC_savanna,transect_5m,10.45205832,5.565,Oak_1,15,CCSav_306,forest_grassland,mixed,Mel_Black,Mix_MB,melanized ,,25,0.25,42,6,1.4,0.115068493,
cedar creek,Oak Savanna,CC_savanna,transect_5m,11.09645189,4.375,Oak_2,16,CCSav_332,forest_grassland,mixed,Mel_Black,Mix_MB,melanized ,,21.15384615,0.211538462,42,6,1.4,0.115068493,
cedar creek,Oak Savanna,CC_savanna,transect_5m,10.23381782,4.265,Oak_3,17,CCSav_376,forest_grassland,mixed,Mel_Black,Mix_MB,melanized ,,32,0.32,42,6,1.4,0.115068493,
cedar creek,Oak Savanna,CC_savanna,transect_20m,12.20344176,5.5,Oak_1,15,CCSav_311,AM_grass,AM,Mel_White,AM_MW,non-melanized,,33.07692308,0.330769231,42,6,1.4,0.115068493,
cedar creek,Oak Savanna,CC_savanna,transect_20m,11.92370218,5.035,Oak_2,16,CCSav_314,AM_grass,AM,Mel_White,AM_MW,non-melanized,,1.2,0.012,42,6,1.4,0.115068493,
cedar creek,Oak Savanna,CC_savanna,transect_20m,8.597276914,5.215,Oak_3,17,CCSav_350,AM_grass,AM,Mel_White,AM_MW,non-melanized,,11.25,0.1125,42,6,1.4,0.115068493,
cedar creek,Oak Savanna,CC_savanna,transect_20m,12.20344176,5.5,Oak_1,15,CCSav_286,AM_grass,AM,Mort,AM_Mort,non-melanized,,13.6,0.136,42,6,1.4,0.115068493,
cedar creek,Oak Savanna,CC_savanna,transect_20m,11.92370218,5.035,Oak_2,16,CCSav_330,AM_grass,AM,Mort,AM_Mort,non-melanized,,20.38461538,0.203846154,42,6,1.4,0.115068493,
cedar creek,Oak Savanna,CC_savanna,transect_20m,8.597276914,5.215,Oak_3,17,CCSav_357,AM_grass,AM,Mort,AM_Mort,non-melanized,,18.07692308,0.180769231,42,6,1.4,0.115068493,
cedar creek,Oak Savanna,CC_savanna,transect_-10m,12.15317725,4.3,Oak_1,15,CCSav_292,EM_tree,EM,Mel_White,EM_MW,non-melanized,,16.8,0.168,42,6,1.4,0.115068493,
cedar creek,Oak Savanna,CC_savanna,transect_-10m,10.21297365,4.67,Oak_2,16,CCSav_328,EM_tree,EM,Mel_White,EM_MW,non-melanized,,20.37037037,0.203703704,42,6,1.4,0.115068493,
cedar creek,Oak Savanna,CC_savanna,transect_-10m,12.75749373,4.05,Oak_3,17,CCSav_365,EM_tree,EM,Mel_White,EM_MW,non-melanized,,23.75,0.2375,42,6,1.4,0.115068493,
cedar creek,Oak Savanna,CC_savanna,transect_-10m,12.15317725,4.3,Oak_1,15,CCSav_293,EM_tree,EM,Mort,EM_Mort,non-melanized,,17.77777778,0.177777778,42,6,1.4,0.115068493,
cedar creek,Oak Savanna,CC_savanna,transect_-10m,10.21297365,4.67,Oak_2,16,CCSav_319,EM_tree,EM,Mort,EM_Mort,non-melanized,,13.2,0.132,42,6,1.4,0.115068493,
cedar creek,Oak Savanna,CC_savanna,transect_-10m,12.75749373,4.05,Oak_3,17,CCSav_356,EM_tree,EM,Mort,EM_Mort,non-melanized,,17.91666667,0.179166667,42,6,1.4,0.115068493,
cedar creek,Oak Savanna,CC_savanna,transect_5m,10.45205832,5.565,Oak_1,15,CCSav_290,forest_grassland,mixed,Mel_White,Mix_MW,non-melanized,,15.38461538,0.153846154,42,6,1.4,0.115068493,
cedar creek,Oak Savanna,CC_savanna,transect_5m,11.09645189,4.375,Oak_2,16,CCSav_334,forest_grassland,mixed,Mel_White,Mix_MW,non-melanized,,21.66666667,0.216666667,42,6,1.4,0.115068493,
cedar creek,Oak Savanna,CC_savanna,transect_5m,10.23381782,4.265,Oak_3,17,CCSav_360,forest_grassland,mixed,Mel_White,Mix_MW,non-melanized,,19.16666667,0.191666667,42,6,1.4,0.115068493,
cedar creek,Oak Savanna,CC_savanna,transect_5m,10.45205832,5.565,Oak_1,15,CCSav_283,forest_grassland,mixed,Mort,Mix_Mort,non-melanized,,12.5,0.125,42,6,1.4,0.115068493,
cedar creek,Oak Savanna,CC_savanna,transect_5m,11.09645189,4.375,Oak_2,16,CCSav_345,forest_grassland,mixed,Mort,Mix_Mort,non-melanized,,30,0.3,42,6,1.4,0.115068493,
cedar creek,Oak Savanna,CC_savanna,transect_5m,10.23381782,4.265,Oak_3,17,CCSav_361,forest_grassland,mixed,Mort,Mix_Mort,non-melanized,,19.62962963,0.196296296,42,6,1.4,0.115068493,
cedar creek,Oak Savanna,CC_savanna,transect_20m,7.533420323,5.5,Oak_1,15,CCSav_284,AM_grass,AM,Mel_Black,AM_MB,melanized ,,13.07692308,0.130769231,56,8,1.866666667,0.153424658,
cedar creek,Oak Savanna,CC_savanna,transect_20m,8.80215701,5.035,Oak_2,16,CCSav_341,AM_grass,AM,Mel_Black,AM_MB,melanized ,,27.85714286,0.278571429,56,8,1.866666667,0.153424658,
cedar creek,Oak Savanna,CC_savanna,transect_20m,4.537862517,5.215,Oak_3,17,CCSav_364,AM_grass,AM,Mel_Black,AM_MB,melanized ,,23.46153846,0.234615385,56,8,1.866666667,0.153424658,
cedar creek,Oak Savanna,CC_savanna,transect_-10m,10.64474139,4.3,Oak_1,15,CCSav_287,EM_tree,EM,Mel_Black,EM_MB,melanized ,,13.92857143,0.139285714,56,8,1.866666667,0.153424658,
cedar creek,Oak Savanna,CC_savanna,transect_-10m,8.865559078,4.67,Oak_2,16,CCSav_323,EM_tree,EM,Mel_Black,EM_MB,melanized ,,17.69230769,0.176923077,56,8,1.866666667,0.153424658,
cedar creek,Oak Savanna,CC_savanna,transect_-10m,8.033599591,4.05,Oak_3,17,CCSav_379,EM_tree,EM,Mel_Black,EM_MB,melanized ,,34.16666667,0.341666667,56,8,1.866666667,0.153424658,
cedar creek,Oak Savanna,CC_savanna,transect_5m,8.13484562,5.565,Oak_1,15,CCSav_278,forest_grassland,mixed,Mel_Black,Mix_MB,melanized ,,9.166666667,0.091666667,56,8,1.866666667,0.153424658,
cedar creek,Oak Savanna,CC_savanna,transect_5m,6.335447925,4.375,Oak_2,16,CCSav_322,forest_grassland,mixed,Mel_Black,Mix_MB,melanized ,,17.6,0.176,56,8,1.866666667,0.153424658,
cedar creek,Oak Savanna,CC_savanna,transect_5m,7.71415755,4.265,Oak_3,17,CCSav_368,forest_grassland,mixed,Mel_Black,Mix_MB,melanized ,,26.8,0.268,56,8,1.866666667,0.153424658,
cedar creek,Oak Savanna,CC_savanna,transect_20m,7.533420323,5.5,Oak_1,15,CCSav_279,AM_grass,AM,Mel_White,AM_MW,non-melanized,,10,0.1,56,8,1.866666667,0.153424658,
cedar creek,Oak Savanna,CC_savanna,transect_20m,8.80215701,5.035,Oak_2,16,CCSav_325,AM_grass,AM,Mel_White,AM_MW,non-melanized,,19.2,0.192,56,8,1.866666667,0.153424658,
cedar creek,Oak Savanna,CC_savanna,transect_20m,4.537862517,5.215,Oak_3,17,CCSav_352,AM_grass,AM,Mel_White,AM_MW,non-melanized,,12.8,0.128,56,8,1.866666667,0.153424658,
cedar creek,Oak Savanna,CC_savanna,transect_20m,7.533420323,5.5,Oak_1,15,CCSav_282,AM_grass,AM,Mort,AM_Mort,non-melanized,,12.5,0.125,56,8,1.866666667,0.153424658,
cedar creek,Oak Savanna,CC_savanna,transect_20m,8.80215701,5.035,Oak_2,16,CCSav_321,AM_grass,AM,Mort,AM_Mort,non-melanized,,16,0.16,56,8,1.866666667,0.153424658,
cedar creek,Oak Savanna,CC_savanna,transect_20m,4.537862517,5.215,Oak_3,17,CCSav_351,AM_grass,AM,Mort,AM_Mort,non-melanized,,12.5,0.125,56,8,1.866666667,0.153424658,
cedar creek,Oak Savanna,CC_savanna,transect_-10m,10.64474139,4.3,Oak_1,15,CCSav_289,EM_tree,EM,Mel_White,EM_MW,non-melanized,,15.38461538,0.153846154,56,8,1.866666667,0.153424658,
cedar creek,Oak Savanna,CC_savanna,transect_-10m,8.865559078,4.67,Oak_2,16,CCSav_315,EM_tree,EM,Mel_White,EM_MW,non-melanized,,7.037037037,0.07037037,56,8,1.866666667,0.153424658,
cedar creek,Oak Savanna,CC_savanna,transect_-10m,8.033599591,4.05,Oak_3,17,CCSav_363,EM_tree,EM,Mel_White,EM_MW,non-melanized,,21.92307692,0.219230769,56,8,1.866666667,0.153424658,
cedar creek,Oak Savanna,CC_savanna,transect_-10m,10.64474139,4.3,Oak_1,15,CCSav_285,EM_tree,EM,Mort,EM_Mort,non-melanized,,13.46153846,0.134615385,56,8,1.866666667,0.153424658,
cedar creek,Oak Savanna,CC_savanna,transect_-10m,8.865559078,4.67,Oak_2,16,CCSav_318,EM_tree,EM,Mort,EM_Mort,non-melanized,,12.96296296,0.12962963,56,8,1.866666667,0.153424658,
cedar creek,Oak Savanna,CC_savanna,transect_-10m,8.033599591,4.05,Oak_3,17,CCSav_355,EM_tree,EM,Mort,EM_Mort,non-melanized,,17.30769231,0.173076923,56,8,1.866666667,0.153424658,
cedar creek,Oak Savanna,CC_savanna,transect_5m,8.13484562,5.565,Oak_1,15,CCSav_280,forest_grassland,mixed,Mel_White,Mix_MW,non-melanized,,10,0.1,56,8,1.866666667,0.153424658,
cedar creek,Oak Savanna,CC_savanna,transect_5m,6.335447925,4.375,Oak_2,16,CCSav_317,forest_grassland,mixed,Mel_White,Mix_MW,non-melanized,,12.30769231,0.123076923,56,8,1.866666667,0.153424658,
cedar creek,Oak Savanna,CC_savanna,transect_5m,7.71415755,4.265,Oak_3,17,CCSav_359,forest_grassland,mixed,Mel_White,Mix_MW,non-melanized,,18.88888889,0.188888889,56,8,1.866666667,0.153424658,
cedar creek,Oak Savanna,CC_savanna,transect_5m,8.13484562,5.565,Oak_1,15,CCSav_281,forest_grassland,mixed,Mort,Mix_Mort,non-melanized,,10,0.1,56,8,1.866666667,0.153424658,
cedar creek,Oak Savanna,CC_savanna,transect_5m,6.335447925,4.375,Oak_2,16,CCSav_320,forest_grassland,mixed,Mort,Mix_Mort,non-melanized,,15.6,0.156,56,8,1.866666667,0.153424658,
cedar creek,Oak Savanna,CC_savanna,transect_5m,7.71415755,4.265,Oak_3,17,CCSav_354,forest_grassland,mixed,Mort,Mix_Mort,non-melanized,,17.08333333,0.170833333,56,8,1.866666667,0.153424658,
cedar creek,Prairie,CC_praire1,field_5,NA,NA,1,18,CCP1_6,AM_grass,AM,Ceno,AM_ceno,melanized ,9/21/17,25,0.25,65,9.285714286,2.166666667,0.178082192,
cedar creek,Prairie,CC_praire1,field_5,NA,NA,4,21,CCP1_46,AM_grass,AM,Ceno,AM_ceno,melanized ,9/21/17,14.61538462,0.146153846,65,9.285714286,2.166666667,0.178082192,
cedar creek,Prairie,CC_praire1,field_5,NA,NA,1,18,CCP1_1,EM_forb,EM,Ceno,EM_Ceno,melanized ,9/21/17,7.916666667,0.079166667,65,9.285714286,2.166666667,0.178082192,
cedar creek,Prairie,CC_praire1,field_5,NA,NA,4,21,CCP1_51,EM_forb,EM,Ceno,EM_Ceno,melanized ,9/21/17,23.75,0.2375,65,9.285714286,2.166666667,0.178082192,
moores creek,Forest,MC_forest,AM_2,6.666666667,5.67,2,2,MCFor_398,AM_tree,AM,Mel_Black,AM_MB,melanized ,10/13/17,22.18910218,0.221891022,92,13.14285714,3.066666667,0.347169811,
moores creek,Forest,MC_forest,AM_3,9.1,5.27,3,4,MCFor_405,AM_tree,AM,Mel_Black,AM_MB,melanized ,10/13/17,12.52564437,0.125256444,92,13.14285714,3.066666667,0.347169811,
moores creek,Forest,MC_forest,AM_4,15.56666667,4.04,4,5,MCFor_410,AM_tree,AM,Mel_Black,AM_MB,melanized ,10/13/17,7.796203197,0.077962032,92,13.14285714,3.066666667,0.347169811,
moores creek,Forest,MC_forest,AM_5,11.9,3.88,5,7,MCFor_422,AM_tree,AM,Mel_Black,AM_MB,melanized ,10/13/17,15.00763359,0.150076336,92,13.14285714,3.066666667,0.347169811,
moores creek,Forest,MC_forest,AM_6,7.3,4.78,6,9,MCFor_435,AM_tree,AM,Mel_Black,AM_MB,melanized ,10/13/17,9.419830388,0.094198304,92,13.14285714,3.066666667,0.347169811,
moores creek,Forest,MC_forest,AM_7,8.6,3.89,7,11,MCFor_452,AM_tree,AM,Mel_Black,AM_MB,melanized ,10/13/17,24.484,0.24484,92,13.14285714,3.066666667,0.347169811,
moores creek,Forest,MC_forest,AM_8,7.3,3.76,8,13,MCFor_464,AM_tree,AM,Mel_Black,AM_MB,melanized ,10/13/17,26.08469836,0.260846984,92,13.14285714,3.066666667,0.347169811,
moores creek,Forest,MC_forest,EM_1,3.733333333,3.51,1,1,MCFor_388,EM_tree,EM,Mel_Black,EM_MB,melanized ,10/13/17,28.13099042,0.281309904,92,13.14285714,3.066666667,0.347169811,
moores creek,Forest,MC_forest,EM_2,5.133333333,3.5,2,3,MCFor_397,EM_tree,EM,Mel_Black,EM_MB,melanized ,10/13/17,20.81395781,0.208139578,92,13.14285714,3.066666667,0.347169811,
moores creek,Forest,MC_forest,EM_4,6.8,3.31,4,6,MCFor_417,EM_tree,EM,Mel_Black,EM_MB,melanized ,10/13/17,29.60932945,0.296093294,92,13.14285714,3.066666667,0.347169811,
moores creek,Forest,MC_forest,EM_5,10.1,3.59,5,8,MCFor_424,EM_tree,EM,Mel_Black,EM_MB,melanized ,10/13/17,18.0553946,0.180553946,92,13.14285714,3.066666667,0.347169811,
moores creek,Forest,MC_forest,EM_6,4.166666667,3.57,6,10,MCFor_440,EM_tree,EM,Mel_Black,EM_MB,melanized ,10/13/17,18.55920398,0.18559204,92,13.14285714,3.066666667,0.347169811,
moores creek,Forest,MC_forest,EM_7,2.133333333,3.49,7,12,MCFor_451,EM_tree,EM,Mel_Black,EM_MB,melanized ,10/13/17,20.85715412,0.208571541,92,13.14285714,3.066666667,0.347169811,
moores creek,Forest,MC_forest,EM_8,3.7,3.04,8,14,MCFor_469,EM_tree,EM,Mel_Black,EM_MB,melanized ,10/13/17,NA,NA,92,13.14285714,3.066666667,0.347169811,hole in lbag
moores creek,Forest,MC_forest,AM_2,6.666666667,5.67,2,2,MCFor_395,AM_tree,AM,Mort,AM_Mort,non-melanized,10/13/17,19.29632525,0.192963253,92,13.14285714,3.066666667,0.347169811,
moores creek,Forest,MC_forest,AM_3,9.1,5.27,3,4,MCFor_404,AM_tree,AM,Mort,AM_Mort,non-melanized,10/13/17,12.47657714,0.124765771,92,13.14285714,3.066666667,0.347169811,
moores creek,Forest,MC_forest,AM_4,15.56666667,4.04,4,5,MCFor_411,AM_tree,AM,Mort,AM_Mort,non-melanized,10/13/17,11.25296443,0.112529644,92,13.14285714,3.066666667,0.347169811,
moores creek,Forest,MC_forest,AM_5,11.9,3.88,5,7,MCFor_425,AM_tree,AM,Mort,AM_Mort,non-melanized,10/13/17,20.38566435,0.203856643,92,13.14285714,3.066666667,0.347169811,
moores creek,Forest,MC_forest,AM_6,7.3,4.78,6,9,MCFor_436,AM_tree,AM,Mort,AM_Mort,non-melanized,10/13/17,10.33911018,0.103391102,92,13.14285714,3.066666667,0.347169811,
moores creek,Forest,MC_forest,AM_7,8.6,3.89,7,11,MCFor_446,AM_tree,AM,Mort,AM_Mort,non-melanized,10/13/17,8.531296772,0.085312968,92,13.14285714,3.066666667,0.347169811,
moores creek,Forest,MC_forest,AM_8,7.3,3.76,8,13,MCFor_463,AM_tree,AM,Mort,AM_Mort,non-melanized,10/13/17,21.73000792,0.217300079,92,13.14285714,3.066666667,0.347169811,
moores creek,Forest,MC_forest,EM_1,3.733333333,3.51,1,1,MCFor_386,EM_tree,EM,Mort,EM_Mort,non-melanized,10/13/17,7.428048246,0.074280482,92,13.14285714,3.066666667,0.347169811,
moores creek,Forest,MC_forest,EM_2,5.133333333,3.5,2,3,MCFor_392,EM_tree,EM,Mort,EM_Mort,non-melanized,10/13/17,13.87831222,0.138783122,92,13.14285714,3.066666667,0.347169811,
moores creek,Forest,MC_forest,EM_4,6.8,3.31,4,6,MCFor_412,EM_tree,EM,Mort,EM_Mort,non-melanized,10/13/17,16.6550765,0.166550765,92,13.14285714,3.066666667,0.347169811,
moores creek,Forest,MC_forest,EM_5,10.1,3.59,5,8,MCFor_426,EM_tree,EM,Mort,EM_Mort,non-melanized,10/13/17,21.31378299,0.21313783,92,13.14285714,3.066666667,0.347169811,
moores creek,Forest,MC_forest,EM_6,4.166666667,3.57,6,10,MCFor_438,EM_tree,EM,Mort,EM_Mort,non-melanized,10/13/17,14.1685953,0.141685953,92,13.14285714,3.066666667,0.347169811,
moores creek,Forest,MC_forest,EM_7,2.133333333,3.49,7,12,MCFor_453,EM_tree,EM,Mort,EM_Mort,non-melanized,10/13/17,24.95657666,0.249565767,92,13.14285714,3.066666667,0.347169811,
moores creek,Forest,MC_forest,EM_8,3.7,3.04,8,14,MCFor_461,EM_tree,EM,Mort,EM_Mort,non-melanized,10/13/17,17.46994848,0.174699485,92,13.14285714,3.066666667,0.347169811,